ID,Target Pressure (bar)
0,0.25930294
1,0.2819277
2,0.4039623
3,0.45139742
4,0.31412646
5,0.16270478
6,0.17018533
7,0.15316355
8,0.26630962
9,3.4621115
10,3.5846179
11,2.3182561
12,2.4355536
13,2.3761737
14,2.220872
15,1.7616937
16,1.4539801
17,1.2760111
18,1.2770879
19,1.2430823
20,1.2519886
21,0.84496
22,0.58010703
23,0.49991158
24,0.41660047
25,0.4101956
26,0.50246364
27,0.11488988
28,0.08923577
29,0.08514526
30,0.042568397
31,0.03161029
32,0.028749492
33,0.05392972
34,0.033029746
35,0.04334917
36,0.5758693
37,0.28709194
38,0.14401305
39,0.60344934
40,0.35388544
41,0.19030419
42,0.49240905
43,0.2122455
44,0.10421272
45,0.24956626
46,0.23706955
47,0.16057068
48,0.08427591
49,0.0748011
50,0.05699779
51,0.14036834
52,0.08497342
53,0.052507594
54,0.17049803
55,0.1535302
56,0.16601396
57,0.14231059
58,0.13757987
59,0.16286822
60,0.0794285
61,0.100226134
62,0.10691166
63,1.4633775
64,0.8651881
65,0.47250447
66,1.2592852
67,0.9128099
68,0.48777857
69,0.71757144
70,0.577246
71,0.27555874
72,0.6362838
73,0.5276681
74,0.2568506
75,0.21163586
76,0.14017735
77,0.14510629
78,0.24986653
79,0.27663037
80,0.16083673
81,0.09528569
82,0.10293152
83,0.10975573
84,0.036588956
85,0.03667888
86,0.040825937
87,0.035240088
88,0.03930049
89,0.060874376
90,0.39580312
91,0.3700496
92,0.3900612
93,0.37708282
94,0.36119705
95,0.2265411
96,0.19921145
97,0.15624973
98,0.15247421
99,0.28035963
100,0.25215816
101,0.18940954
102,0.15854704
103,0.13229041
104,0.09372706
105,0.0694792
106,0.06772742
107,0.0832381
108,0.16112581
109,0.17137201
110,0.1999934
111,0.109039456
112,0.120303914
113,0.10352535
114,0.094009325
115,0.07951724
116,0.113702044
117,1.146349
118,0.940907
119,0.92389953
120,1.4258746
121,1.0495908
122,0.8306266
123,0.75912327
124,0.703764
125,0.4823058
126,0.5870426
127,0.55522424
128,0.40631965
129,0.31767303
130,0.2509867
131,0.22752194
132,0.21560568
133,0.19526182
134,0.19676624
135,0.12677948
136,0.11792754
137,0.097896464
138,0.10652533
139,0.11748698
140,0.062138315
141,0.065538846
142,0.06253102
143,0.086307414
144,0.8011422
145,0.6467718
146,0.46869174
147,1.0914311
148,0.5447706
149,0.32834482
150,0.6517225
151,0.42217854
152,0.22002059
153,0.4300027
154,0.35174516
155,0.25314775
156,0.12674914
157,0.12669013
158,0.12376773
159,0.19745758
160,0.13983935
161,0.10660361
162,0.19461095
163,0.17737946
164,0.12437331
165,0.13523568
166,0.11034747
167,0.08474173
168,0.08007093
169,0.080037095
170,0.11607947
171,2.1261775
172,0.75722116
173,0.36448845
174,3.2420783
175,1.0163333
176,0.44421825
177,1.0830175
178,0.85863245
179,0.42887333
180,0.7748899
181,0.7126948
182,0.3151003
183,0.17157486
184,0.12718372
185,0.15408497
186,0.31595454
187,0.24885382
188,0.15601535
189,0.12847377
190,0.11366525
191,0.06642994
192,0.08990171
193,0.07606456
194,0.07435224
195,0.05159668
196,0.06082549
197,0.06797427
198,0.66986465
199,0.4606091
200,0.28264925
201,0.58971006
202,0.37520462
203,0.30933702
204,0.48821434
205,0.40388072
206,0.2216687
207,0.39818054
208,0.32734352
209,0.14982857
210,0.12429859
211,0.075713426
212,0.100313626
213,0.18691026
214,0.17057072
215,0.11152906
216,0.11119133
217,0.11925863
218,0.15605773
219,0.093317814
220,0.059351858
221,0.07838161
222,0.08527939
223,0.07625148
224,0.12231895
225,0.39544275
226,0.4549357
227,0.5057921
228,0.42302862
229,0.40010464
230,0.4395011
231,0.41644672
232,0.36317986
233,0.3989066
234,0.30791903
235,0.3164683
236,0.2997377
237,0.24671961
238,0.20893547
239,0.22393726
240,0.14027938
241,0.1407057
242,0.17086333
243,0.23691641
244,0.2499038
245,0.23380853
246,0.24551906
247,0.24487564
248,0.16643801
249,0.1676592
250,0.1760058
251,0.15862976
252,4.33935
253,2.3069267
254,1.1543096
255,4.159048
256,1.8206489
257,0.8386695
258,2.7094939
259,1.169312
260,0.74469763
261,1.2348872
262,1.0076815
263,0.61420643
264,0.41552624
265,0.28495005
266,0.25569674
267,0.626494
268,0.37299138
269,0.27178577
270,0.10141766
271,0.12686934
272,0.11176093
273,0.050845895
274,0.04874018
275,0.064872995
276,0.039483044
277,0.0412995
278,0.0582094
279,0.50490654
280,0.5181013
281,0.47850266
282,0.43916625
283,0.39163247
284,0.41513827
285,0.3053847
286,0.31924954
287,0.30288
288,0.3648536
289,0.3154032
290,0.26727054
291,0.17422158
292,0.16644673
293,0.12590596
294,0.096829146
295,0.09580479
296,0.12565592
297,0.12717311
298,0.12980649
299,0.17413765
300,0.14890303
301,0.13057509
302,0.10321667
303,0.08800604
304,0.093340784
305,0.11823557
306,0.9862399
307,0.9285866
308,0.5251296
309,0.7918132
310,0.7712583
311,0.63572216
312,0.70063907
313,0.91928095
314,0.6216478
315,0.42678946
316,0.40510148
317,0.40158004
318,0.25094986
319,0.26027548
320,0.2333884
321,0.33487692
322,0.255426
323,0.22059594
324,0.140593
325,0.14502662
326,0.15422507
327,0.12591109
328,0.11913446
329,0.103642315
330,0.10829773
331,0.09767264
332,0.07916555
333,0.9077271
334,0.7309806
335,0.67356163
336,1.0121548
337,0.7683636
338,0.54624057
339,0.7102714
340,0.6796679
341,0.52941835
342,0.51941454
343,0.4391491
344,0.3045975
345,0.2647084
346,0.18301769
347,0.17978242
348,0.26606944
349,0.2308588
350,0.18333992
351,0.24742323
352,0.2151864
353,0.19646956
354,0.16196929
355,0.11613981
356,0.13463813
357,0.11672836
358,0.101735614
359,0.16200605
360,1.8273735
361,1.0324547
362,0.5206507
363,3.1370022
364,1.5230268
365,0.7894175
366,1.8323029
367,1.169439
368,0.6171669
369,0.98092693
370,0.68235844
371,0.482991
372,0.24207085
373,0.2422251
374,0.26268297
375,0.40337256
376,0.2888255
377,0.21949577
378,0.17110522
379,0.12787971
380,0.07526552
381,0.12167738
382,0.10104422
383,0.08433163
384,0.09957769
385,0.12125423
386,0.05911132
387,1.5168538
388,0.51559705
389,0.2949933
390,1.3917525
391,0.52159745
392,0.27297962
393,1.35389
394,0.4199707
395,0.23136817
396,0.74550366
397,0.33375838
398,0.21056753
399,0.123221174
400,0.098135486
401,0.07956838
402,0.26317844
403,0.14386207
404,0.0917348
405,0.117099494
406,0.13018069
407,0.13519515
408,0.078518525
409,0.08252742
410,0.074751824
411,0.060645517
412,0.057050988
413,0.09066623
414,0.6550852
415,0.67363435
416,0.43480197
417,0.695616
418,0.5298119
419,0.41423717
420,0.5806131
421,0.51716983
422,0.34605083
423,0.40889072
424,0.43716085
425,0.2784879
426,0.18799907
427,0.14837609
428,0.13552397
429,0.20219898
430,0.17163205
431,0.14140074
432,0.099836715
433,0.10801985
434,0.1716261
435,0.102701776
436,0.103370465
437,0.061682645
438,0.053864483
439,0.056925397
440,0.09803009
441,0.4997444
442,0.43978038
443,0.4220212
444,0.47995457
445,0.4162767
446,0.46949288
447,0.39236936
448,0.3916314
449,0.38364324
450,0.28317124
451,0.3089568
452,0.244138
453,0.23337199
454,0.2111591
455,0.17659114
456,0.1794315
457,0.17023638
458,0.18777348
459,0.0771319
460,0.077987045
461,0.114069775
462,0.049692553
463,0.046812173
464,0.044517644
465,0.043173466
466,0.029320922
467,0.056373518
468,0.3070778
469,0.40234557
470,0.3218467
471,0.1633275
472,0.20857784
473,0.26881963
474,0.27372366
475,0.28020826
476,0.21237083
477,0.24418314
478,0.2224192
479,0.23697956
480,0.1624768
481,0.12241679
482,0.102202825
483,0.10020832
484,0.11075508
485,0.10962234
486,0.13379577
487,0.14845426
488,0.17799777
489,0.12675592
490,0.14698584
491,0.08714119
492,0.07408354
493,0.054039974
494,0.09409721
495,0.76819336
496,1.0776016
497,0.55972075
498,0.9231822
499,0.67542505
500,0.6826294
501,0.8624929
502,0.6407788
503,0.50159395
504,0.57595795
505,0.4972865
506,0.40287456
507,0.28761998
508,0.2561831
509,0.2010763
510,0.25023183
511,0.19342251
512,0.19695091
513,0.09917999
514,0.0954707
515,0.114859655
516,0.074486405
517,0.079415396
518,0.054351754
519,0.047896713
520,0.047885332
521,0.059923798
522,0.4414084
523,0.47530463
524,0.4052387
525,0.67541355
526,0.5905911
527,0.40530825
528,0.47083887
529,0.4144496
530,0.36731604
531,0.26988637
532,0.25819185
533,0.21860015
534,0.20601393
535,0.14244804
536,0.11483579
537,0.15154758
538,0.15082762
539,0.0949969
540,0.08176774
541,0.088415444
542,0.098578215
543,0.077171095
544,0.07333262
545,0.06261887
546,0.084685646
547,0.08135206
548,0.059633177
549,0.30994222
550,0.41975495
551,0.27795804
552,0.33563283
553,0.2648905
554,0.32176954
555,0.23491351
556,0.31991428
557,0.23783824
558,0.23994698
559,0.1869414
560,0.16483845
561,0.19781171
562,0.13010193
563,0.10221369
564,0.086324364
565,0.12488051
566,0.113386646
567,0.075581536
568,0.072074525
569,0.056162305
570,0.059238117
571,0.06294583
572,0.058934376
573,0.045813724
574,0.046645805
575,0.041388586
576,0.33144602
577,0.24133945
578,0.13474719
579,0.2684561
580,0.25259525
581,0.20674542
582,0.24898027
583,0.21196948
584,0.15960233
585,0.15365633
586,0.17859489
587,0.10194003
588,0.08182317
589,0.06414919
590,0.08052562
591,0.12912215
592,0.11691721
593,0.08596401
594,0.13459174
595,0.12781385
596,0.15986644
597,0.11570999
598,0.0836167
599,0.0664748
600,0.06819704
601,0.04985263
602,0.07646512
603,1.0612191
604,0.8340489
605,0.5518092
606,0.84137
607,0.6279989
608,0.60526127
609,0.45397854
610,0.42880583
611,0.34156454
612,0.47515088
613,0.43418694
614,0.35296336
615,0.24904919
616,0.19190764
617,0.14359353
618,0.12886792
619,0.12427028
620,0.12961112
621,0.22269224
622,0.21076043
623,0.26795593
624,0.15995899
625,0.14541024
626,0.10789139
627,0.0959215
628,0.08741333
629,0.1318479
630,2.4976487
631,1.3142745
632,0.885838
633,3.0838313
634,1.8351077
635,0.99109036
636,1.7063428
637,1.099369
638,0.589101
639,0.7994481
640,0.9114756
641,0.53335977
642,0.32884055
643,0.27076128
644,0.24175763
645,0.37016556
646,0.30120343
647,0.22589429
648,0.10042158
649,0.10849921
650,0.089844756
651,0.08440557
652,0.096982725
653,0.09221052
654,0.06285354
655,0.06418414
656,0.06434739
657,0.74308676
658,0.35438094
659,0.33524206
660,0.81680423
661,0.66325945
662,0.27766967
663,0.86447316
664,0.46173012
665,0.23395154
666,0.28827658
667,0.2490217
668,0.22616243
669,0.12016625
670,0.1086959
671,0.11059484
672,0.24246983
673,0.1657491
674,0.11959976
675,0.24889329
676,0.24248558
677,0.34576693
678,0.33703315
679,0.28464758
680,0.18033366
681,0.12293237
682,0.13056406
683,0.23434873
684,2.9895682
685,1.7615942
686,1.5465616
687,3.680355
688,2.0479262
689,1.6467102
690,1.7387457
691,1.3374133
692,1.0332476
693,0.91023326
694,0.90915084
695,0.8157087
696,0.66805804
697,0.44851616
698,0.39785117
699,0.404896
700,0.40753657
701,0.37945396
702,0.09576125
703,0.099251516
704,0.08684831
705,0.040122896
706,0.03316404
707,0.03162599
708,0.040958215
709,0.039744496
710,0.037569366
711,0.49352375
712,0.45086223
713,0.16233197
714,0.3105722
715,0.36006996
716,0.19667542
717,0.25156167
718,0.25553057
719,0.167205
720,0.25443742
721,0.25279075
722,0.15784284
723,0.114631094
724,0.071530506
725,0.063592486
726,0.08813404
727,0.0837608
728,0.060232133
729,0.11910149
730,0.101497926
731,0.1053582
732,0.07309611
733,0.04033914
734,0.077093974
735,0.059778042
736,0.030739887
737,0.08588507
738,0.89880925
739,0.3990312
740,0.3172826
741,0.4913749
742,0.4441019
743,0.35788372
744,0.22976446
745,0.2029473
746,0.19464053
747,0.50939155
748,0.32129434
749,0.2678763
750,0.13336238
751,0.16661343
752,0.096477516
753,0.10259762
754,0.06980283
755,0.09099177
756,0.120024994
757,0.12733157
758,0.17787962
759,0.10527121
760,0.057132617
761,0.07599653
762,0.07958008
763,0.07828744
764,0.08306864
765,0.7545411
766,0.70824945
767,0.5410444
768,1.4797472
769,2.086801
770,1.3192534
771,0.763645
772,0.6020752
773,0.56068027
774,0.33840996
775,0.29605916
776,0.32001626
777,0.21227491
778,0.3034521
779,0.19167985
780,0.17823322
781,0.15767826
782,0.17543286
783,0.106351234
784,0.09523521
785,0.07713183
786,0.05056183
787,0.026860047
788,0.026451167
789,0.035504874
790,0.0349925
791,0.03918136
792,0.6972792
793,0.40334177
794,0.17798932
795,0.8348255
796,0.48173553
797,0.20078866
798,0.2956793
799,0.20097513
800,0.1340426
801,0.36221844
802,0.25895214
803,0.14396381
804,0.083347596
805,0.076648965
806,0.057523128
807,0.071128435
808,0.058030896
809,0.051469337
810,0.12843461
811,0.11813849
812,0.15706168
813,0.1231296
814,0.11436378
815,0.0643981
816,0.064365976
817,0.060745995
818,0.10143044
819,0.69206077
820,0.63501745
821,0.5368794
822,0.5605154
823,0.60794955
824,0.44996542
825,0.542748
826,0.5901736
827,0.4096381
828,0.3623443
829,0.3782267
830,0.33564723
831,0.26406658
832,0.17735657
833,0.17910624
834,0.19159673
835,0.1782271
836,0.16651122
837,0.27297926
838,0.22623296
839,0.35515508
840,0.39545268
841,0.28512418
842,0.15208095
843,0.1441736
844,0.13080752
845,0.22952391
846,4.468766
847,2.3767917
848,1.8263068
849,4.545756
850,2.9594274
851,2.067679
852,2.4824436
853,1.1702965
854,1.1088686
855,1.5099654
856,1.176003
857,1.068439
858,0.72686875
859,0.57674396
860,0.43150735
861,0.53700763
862,0.36314487
863,0.4010108
864,0.08143213
865,0.082094796
866,0.12277609
867,0.07970688
868,0.0599384
869,0.052559443
870,0.036741644
871,0.0321093
872,0.072984755
873,0.4372493
874,0.3655797
875,0.44956797
876,0.32518393
877,0.36696333
878,0.3576478
879,0.19319938
880,0.18056183
881,0.2040952
882,0.21298571
883,0.24887608
884,0.30108872
885,0.24220897
886,0.18817219
887,0.12193457
888,0.0815671
889,0.089143366
890,0.098731965
891,0.16529842
892,0.1178987
893,0.09525945
894,0.13548031
895,0.1270967
896,0.11067663
897,0.13302033
898,0.12350893
899,0.08757409
900,2.545901
901,0.52182114
902,0.27525052
903,2.1832204
904,0.6984341
905,0.34964022
906,1.5120376
907,0.45105302
908,0.29201543
909,0.78532726
910,0.2459354
911,0.24160895
912,0.089023
913,0.1232206
914,0.13847253
915,0.3605777
916,0.18938747
917,0.15484044
918,0.15333743
919,0.15255506
920,0.21705918
921,0.14653382
922,0.101471245
923,0.08991794
924,0.0844608
925,0.07655357
926,0.10358152
927,1.3378806
928,1.1524764
929,1.1114172
930,1.4396338
931,1.2133495
932,0.9822367
933,0.5126048
934,0.65392333
935,0.5650199
936,0.48155302
937,0.5447851
938,0.47381088
939,0.40056166
940,0.32014605
941,0.2296844
942,0.16236131
943,0.17551357
944,0.1994449
945,0.094684824
946,0.086457424
947,0.101502284
948,0.031602375
949,0.042584144
950,0.040950354
951,0.040190984
952,0.030084917
953,0.036062345
954,0.47554672
955,0.50469226
956,0.30357337
957,0.35983646
958,0.391718
959,0.193915
960,0.22265975
961,0.2608687
962,0.18386768
963,0.31493947
964,0.2850491
965,0.17969204
966,0.16621545
967,0.11887034
968,0.08227905
969,0.066748336
970,0.06719325
971,0.07438352
972,0.16631053
973,0.18157634
974,0.22253916
975,0.20167068
976,0.10686591
977,0.15980609
978,0.09229637
979,0.10069049
980,0.19304846
981,1.1745802
982,1.4908459
983,1.3157604
984,2.570134
985,1.9939629
986,1.6350348
987,0.75398904
988,0.9925432
989,0.96758527
990,0.543305
991,0.7915657
992,0.6356074
993,0.52259964
994,0.48337194
995,0.39327338
996,0.23436956
997,0.23909645
998,0.3425425
999,0.117994025
1000,0.09666168
1001,0.07935694
1002,0.06735453
1003,0.06200645
1004,0.04650935
1005,0.03733386
1006,0.040594786
1007,0.043772377
1008,0.56157917
1009,0.39712954
1010,0.2529069
1011,0.5249484
1012,0.31072417
1013,0.22599836
1014,0.33544707
1015,0.2447942
1016,0.1313011
1017,0.3502025
1018,0.27412954
1019,0.13273707
1020,0.11488494
1021,0.08060717
1022,0.07222569
1023,0.15466768
1024,0.13078785
1025,0.063607045
1026,0.12431997
1027,0.11245383
1028,0.15927428
1029,0.11679552
1030,0.089864835
1031,0.07915735
1032,0.056371257
1033,0.056411244
1034,0.0847291
1035,2.02029
1036,0.86151457
1037,0.46920145
1038,0.9914537
1039,1.2357157
1040,0.80919516
1041,0.82246715
1042,0.39538735
1043,0.44947726
1044,0.64122784
1045,0.40010086
1046,0.2821501
1047,0.2113597
1048,0.19331612
1049,0.13973573
1050,0.15647238
1051,0.16602346
1052,0.15812065
1053,0.08525507
1054,0.09211837
1055,0.1199372
1056,0.059512377
1057,0.042737007
1058,0.041491974
1059,0.033390123
1060,0.028122958
1061,0.035601657
1062,0.27138785
1063,0.40394905
1064,0.36182505
1065,0.13740438
1066,0.31423372
1067,0.32415208
1068,0.12475284
1069,0.17976062
1070,0.20222235
1071,0.20797983
1072,0.25415936
1073,0.23117524
1074,0.16995776
1075,0.13504075
1076,0.07276558
1077,0.03733041
1078,0.045808095
1079,0.06159783
1080,0.07455258
1081,0.07296378
1082,0.04963331
1083,0.049539622
1084,0.06133275
1085,0.07161338
1086,0.051709466
1087,0.04548004
1088,0.05104963
1089,0.3359723
1090,0.43645978
1091,0.18844877
1092,0.24408466
1093,0.4153153
1094,0.31159914
1095,0.28704694
1096,0.42516708
1097,0.2679608
1098,0.14866868
1099,0.27474174
1100,0.15206586
1101,0.116581686
1102,0.09727985
1103,0.11125852
1104,0.08606648
1105,0.10337048
1106,0.080187656
1107,0.21227932
1108,0.23818967
1109,0.35120407
1110,0.39216983
1111,0.23860301
1112,0.173975
1113,0.16606067
1114,0.19225359
1115,0.25181347
1116,2.609696
1117,2.3344653
1118,2.3455753
1119,2.3939698
1120,2.8770921
1121,1.8389642
1122,1.1396725
1123,1.264731
1124,1.3584433
1125,1.1200813
1126,1.01602
1127,1.0178275
1128,0.68196523
1129,0.5487639
1130,0.4387522
1131,0.30965203
1132,0.34298122
1133,0.45864025
1134,0.15710835
1135,0.1696251
1136,0.16697872
1137,0.16303128
1138,0.14178698
1139,0.108034045
1140,0.08420369
1141,0.07968349
1142,0.11968507
1143,0.9699986
1144,0.9671519
1145,0.53005856
1146,1.1051593
1147,0.8373849
1148,0.64822125
1149,0.8180725
1150,0.6910091
1151,0.49679294
1152,0.54753226
1153,0.5662301
1154,0.34498692
1155,0.2914712
1156,0.2086701
1157,0.19848518
1158,0.2945435
1159,0.24952133
1160,0.22330838
1161,0.067567125
1162,0.07500219
1163,0.091446094
1164,0.06765769
1165,0.05781468
1166,0.06683356
1167,0.05948912
1168,0.05574409
1169,0.05112624
1170,0.42824468
1171,0.29427463
1172,0.25774255
1173,0.18700781
1174,0.2416999
1175,0.23758198
1176,0.2457215
1177,0.28257513
1178,0.29976276
1179,0.24794978
1180,0.18018562
1181,0.1291344
1182,0.15826346
1183,0.121302575
1184,0.10943087
1185,0.08788814
1186,0.098991364
1187,0.09903903
1188,0.11574144
1189,0.1261701
1190,0.16338241
1191,0.077963755
1192,0.10219607
1193,0.08845095
1194,0.049017202
1195,0.052631784
1196,0.109857544
1197,0.966934
1198,0.78933644
1199,0.7654937
1200,1.0536938
1201,1.011054
1202,0.517825
1203,0.5463344
1204,0.47992054
1205,0.5195787
1206,0.39782476
1207,0.300702
1208,0.36759624
1209,0.24196894
1210,0.2246381
1211,0.23702045
1212,0.1474194
1213,0.20507847
1214,0.19924514
1215,0.15203933
1216,0.137132
1217,0.13276334
1218,0.1150781
1219,0.103680216
1220,0.110691585
1221,0.08202016
1222,0.0750136
1223,0.10803041
1224,0.9872
1225,0.982361
1226,0.50864416
1227,0.91591275
1228,0.8037531
1229,0.47297767
1230,0.7390403
1231,0.5489371
1232,0.4502802
1233,0.5675394
1234,0.50443584
1235,0.34268552
1236,0.22155187
1237,0.13903674
1238,0.17069177
1239,0.21448073
1240,0.20371124
1241,0.17000337
1242,0.18511207
1243,0.21075003
1244,0.24243258
1245,0.27245727
1246,0.20726138
1247,0.15056573
1248,0.1329364
1249,0.16377102
1250,0.23876613
1251,1.6481303
1252,2.1059594
1253,1.5072169
1254,1.6277512
1255,1.5824363
1256,1.1657538
1257,0.9727383
1258,1.0888742
1259,0.90536934
1260,1.0518416
1261,0.9441781
1262,0.8157957
1263,0.5320959
1264,0.43425283
1265,0.32940018
1266,0.27221784
1267,0.29337546
1268,0.32852188
1269,0.08010083
1270,0.08290569
1271,0.110455476
1272,0.036458734
1273,0.052310303
1274,0.034659337
1275,0.040765785
1276,0.03557393
1277,0.047093123
1278,0.32521242
1279,0.2706636
1280,0.21973898
1281,0.39189076
1282,0.39206824
1283,0.2473368
1284,0.27283984
1285,0.25498766
1286,0.17592761
1287,0.20045286
1288,0.20457752
1289,0.1369343
1290,0.15040022
1291,0.11010028
1292,0.09389157
1293,0.12667094
1294,0.103890345
1295,0.10402465
1296,0.09162342
1297,0.09567076
1298,0.07917081
1299,0.035579152
1300,0.05316612
1301,0.042971753
1302,0.044972602
1303,0.039848004
1304,0.048345283
1305,0.35274515
1306,0.29740348
1307,0.16356644
1308,0.23789096
1309,0.2197671
1310,0.22342107
1311,0.2891942
1312,0.1543357
1313,0.13631772
1314,0.30214787
1315,0.20322399
1316,0.13355406
1317,0.09400441
1318,0.07883133
1319,0.06552792
1320,0.100787915
1321,0.0901727
1322,0.069985606
1323,0.08928504
1324,0.08615656
1325,0.07658944
1326,0.05679448
1327,0.07201513
1328,0.041549195
1329,0.049326703
1330,0.044554062
1331,0.041396335
1332,0.38305792
1333,0.3229568
1334,0.22103722
1335,0.2868991
1336,0.3607971
1337,0.2428444
1338,0.39425334
1339,0.24568522
1340,0.104195
1341,0.28904924
1342,0.18954276
1343,0.13721015
1344,0.120279215
1345,0.085094914
1346,0.065051705
1347,0.12679131
1348,0.11771918
1349,0.072233036
1350,0.22210339
1351,0.22615989
1352,0.26382852
1353,0.26581204
1354,0.23869117
1355,0.17496361
1356,0.12829329
1357,0.13246022
1358,0.21199946
1359,1.3530746
1360,1.5728492
1361,1.2198117
1362,1.2428534
1363,1.1955099
1364,1.0608405
1365,0.94825125
1366,1.1665744
1367,1.0896574
1368,1.0482945
1369,0.9604477
1370,0.737162
1371,0.5239417
1372,0.34232828
1373,0.4331348
1374,0.27963814
1375,0.3359894
1376,0.3788455
1377,0.08782256
1378,0.099140294
1379,0.12771294
1380,0.054486223
1381,0.06538695
1382,0.04870545
1383,0.050477795
1384,0.04242496
1385,0.070194446
1386,0.41410744
1387,0.4191949
1388,0.3249476
1389,0.50833136
1390,0.38603452
1391,0.32140654
1392,0.32128403
1393,0.3075815
1394,0.25026292
1395,0.2600716
1396,0.25201613
1397,0.21692273
1398,0.1426084
1399,0.16266656
1400,0.115738444
1401,0.15457287
1402,0.13936108
1403,0.12822507
1404,0.1879744
1405,0.1870284
1406,0.23780905
1407,0.21104312
1408,0.17159683
1409,0.14492415
1410,0.137966
1411,0.11978054
1412,0.16931957
1413,1.5488107
1414,1.1631644
1415,1.3028612
1416,1.504679
1417,1.4082143
1418,1.2490118
1419,0.94472086
1420,0.87577266
1421,0.8185356
1422,0.66125596
1423,0.62386674
1424,0.5823178
1425,0.46894
1426,0.3694713
1427,0.32742655
1428,0.31317386
1429,0.27802026
1430,0.31442872
1431,0.11595768
1432,0.10964961
1433,0.18822923
1434,0.083407365
1435,0.074976765
1436,0.0779536
1437,0.046353843
1438,0.04751927
1439,0.08716755
1440,0.59499073
1441,0.75049055
1442,0.55650467
1443,0.6064513
1444,0.73815155
1445,0.4597936
1446,0.5536697
1447,0.5224404
1448,0.3877264
1449,0.3518448
1450,0.39849448
1451,0.3519569
1452,0.31461883
1453,0.2584023
1454,0.16840559
1455,0.14283225
1456,0.12311231
1457,0.1469689
1458,0.11735989
1459,0.11765163
1460,0.119371735
1461,0.08860289
1462,0.056315213
1463,0.049953036
1464,0.047581654
1465,0.050310645
1466,0.055217683
1467,0.9532681
1468,0.75670636
1469,0.4358223
1470,1.7498224
1471,0.80628955
1472,0.40730265
1473,0.61559707
1474,0.36566317
1475,0.277305
1476,0.36059985
1477,0.3887825
1478,0.26148686
1479,0.16197954
1480,0.12971124
1481,0.11515101
1482,0.10913258
1483,0.092254415
1484,0.09883949
1485,0.14596571
1486,0.13390999
1487,0.07471456
1488,0.09847259
1489,0.07066683
1490,0.042022035
1491,0.051995303
1492,0.05127379
1493,0.045933466
1494,1.6638277
1495,0.39453793
1496,0.21744592
1497,1.3571262
1498,0.63679326
1499,0.18207553
1500,1.377162
1501,0.36249262
1502,0.15767199
1503,0.5973059
1504,0.342634
1505,0.15243474
1506,0.11207784
1507,0.08269478
1508,0.053069685
1509,0.23899093
1510,0.13237631
1511,0.057255063
1512,0.12849438
1513,0.12829725
1514,0.1661751
1515,0.12690395
1516,0.13771299
1517,0.09304364
1518,0.10455367
1519,0.10154944
1520,0.10758031
1521,1.0055102
1522,0.7441565
1523,0.39869654
1524,1.4383004
1525,1.0254033
1526,0.5462073
1527,0.8716003
1528,1.2650361
1529,0.4256235
1530,0.4732599
1531,0.4057241
1532,0.3388386
1533,0.19597185
1534,0.1687284
1535,0.20130035
1536,0.32031512
1537,0.2643385
1538,0.19702362
1539,0.12879547
1540,0.124593906
1541,0.11249276
1542,0.10985525
1543,0.089078546
1544,0.05621345
1545,0.07368541
1546,0.08057975
1547,0.07311078
1548,0.774521
1549,0.6118821
1550,0.43692797
1551,0.8232906
1552,0.61956155
1553,0.43641242
1554,0.6040589
1555,0.4970562
1556,0.25352582
1557,0.42005807
1558,0.3810512
1559,0.21243902
1560,0.2106798
1561,0.11518314
1562,0.12781176
1563,0.2161496
1564,0.18018506
1565,0.12865512
1566,0.14279777
1567,0.12686637
1568,0.15488641
1569,0.10553501
1570,0.11320819
1571,0.05089503
1572,0.06488358
1573,0.06031384
1574,0.10254671
1575,0.9418942
1576,0.7063923
1577,0.45620286
1578,1.1214976
1579,0.6411963
1580,0.40628788
1581,0.75440514
1582,0.56445694
1583,0.43744272
1584,0.42447296
1585,0.3634443
1586,0.3030419
1587,0.18907921
1588,0.14251553
1589,0.17751445
1590,0.2475348
1591,0.18144563
1592,0.1789929
1593,0.17375124
1594,0.11931237
1595,0.09044977
1596,0.12641945
1597,0.073002286
1598,0.036124058
1599,0.08750467
1600,0.054416988
1601,0.063690364
1602,1.7522676
1603,0.3064748
1604,0.15900311
1605,3.0469954
1606,0.5630461
1607,0.26512113
1608,1.8464087
1609,0.56573665
1610,0.12242144
1611,0.5536194
1612,0.27985138
1613,0.15024889
1614,0.09257859
1615,0.10157673
1616,0.082915716
1617,0.3565304
1618,0.19595753
1619,0.09661862
1620,0.09369692
1621,0.08443817
1622,0.103001796
1623,0.049051438
1624,0.027592624
1625,0.036374636
1626,0.03558661
1627,0.029222526
1628,0.0460835
1629,0.37685093
1630,0.27320847
1631,0.26752514
1632,0.32098925
1633,0.31537136
1634,0.46966055
1635,0.19386674
1636,0.19375163
1637,0.16138183
1638,0.25908145
1639,0.19804125
1640,0.14778596
1641,0.1458797
1642,0.13991052
1643,0.07002044
1644,0.08446461
1645,0.07884357
1646,0.06790144
1647,0.08786068
1648,0.08538547
1649,0.14344023
1650,0.10284973
1651,0.09105932
1652,0.06733333
1653,0.06050755
1654,0.059959967
1655,0.09456387
1656,0.36080775
1657,0.42427924
1658,0.4486259
1659,0.25382313
1660,0.26868364
1661,0.22777674
1662,0.22574952
1663,0.26207668
1664,0.2798125
1665,0.20450148
1666,0.24019568
1667,0.18380895
1668,0.2281524
1669,0.1590687
1670,0.17817158
1671,0.16285346
1672,0.18653566
1673,0.18818459
1674,0.16213106
1675,0.14696933
1676,0.1953232
1677,0.117586404
1678,0.08379131
1679,0.09021452
1680,0.06041637
1681,0.06936521
1682,0.12170102
1683,0.8818009
1684,0.91893685
1685,0.68994904
1686,0.82354283
1687,0.81091076
1688,0.73806393
1689,0.42540765
1690,0.52831346
1691,0.39749044
1692,0.4431801
1693,0.48290837
1694,0.46526405
1695,0.3632095
1696,0.2270348
1697,0.19870071
1698,0.1749444
1699,0.14127569
1700,0.17001846
1701,0.12335956
1702,0.12203742
1703,0.14330609
1704,0.12034219
1705,0.101157844
1706,0.08687939
1707,0.07918469
1708,0.0700982
1709,0.10111093
1710,0.53356177
1711,0.71660185
1712,0.5333963
1713,0.596407
1714,0.5622366
1715,0.43330193
1716,0.49717465
1717,0.48444876
1718,0.39905998
1719,0.4006812
1720,0.3395315
1721,0.29119998
1722,0.2597386
1723,0.1986559
1724,0.19749847
1725,0.19237652
1726,0.17726777
1727,0.19613254
1728,0.17302145
1729,0.16883397
1730,0.1629365
1731,0.13069895
1732,0.14326027
1733,0.09316968
1734,0.07530796
1735,0.05581644
1736,0.09071154
1737,1.8782895
1738,0.883054
1739,0.5298846
1740,1.147876
1741,1.140075
1742,0.542203
1743,1.3490711
1744,0.72092086
1745,0.44600216
1746,0.5826576
1747,0.5479886
1748,0.37259284
1749,0.21445215
1750,0.17338783
1751,0.19635376
1752,0.30852202
1753,0.20073076
1754,0.1846449
1755,0.12602969
1756,0.12620454
1757,0.13327368
1758,0.07824542
1759,0.055919968
1760,0.073267534
1761,0.057264447
1762,0.04200308
1763,0.07739541
1764,0.8829279
1765,0.516398
1766,0.45931008
1767,1.1694344
1768,0.8270535
1769,0.50271344
1770,0.556354
1771,0.32306063
1772,0.352167
1773,0.60080266
1774,0.38229433
1775,0.2666644
1776,0.13507043
1777,0.14128551
1778,0.10039296
1779,0.16273652
1780,0.11429666
1781,0.115201436
1782,0.14643152
1783,0.12511438
1784,0.1321329
1785,0.114617124
1786,0.14370167
1787,0.13391697
1788,0.07468701
1789,0.0757001
1790,0.107977
1791,1.1603515
1792,0.8187421
1793,0.5414701
1794,1.2627469
1795,0.9537289
1796,0.48136467
1797,0.7406096
1798,0.4818363
1799,0.5148635
1800,0.5921319
1801,0.5216627
1802,0.30230036
1803,0.2401481
1804,0.1817723
1805,0.18338732
1806,0.1751686
1807,0.24765296
1808,0.17481695
1809,0.12432162
1810,0.10905909
1811,0.10455737
1812,0.07785905
1813,0.06607178
1814,0.0701729
1815,0.0562991
1816,0.04591007
1817,0.064439215
1818,1.1154584
1819,0.5598448
1820,0.34673324
1821,0.98526216
1822,0.5359236
1823,0.23948675
1824,0.7733069
1825,0.4841659
1826,0.21826191
1827,0.44290763
1828,0.35463643
1829,0.20426773
1830,0.1554038
1831,0.078108095
1832,0.07564576
1833,0.21387817
1834,0.13354838
1835,0.07979085
1836,0.1168559
1837,0.123866834
1838,0.14474605
1839,0.07096508
1840,0.09217998
1841,0.09386507
1842,0.07410229
1843,0.057139482
1844,0.062138736
1845,0.6638886
1846,0.61640114
1847,0.4721645
1848,0.63043594
1849,0.49742568
1850,0.3989813
1851,0.46161738
1852,0.45665786
1853,0.2965093
1854,0.4893183
1855,0.3747897
1856,0.31668156
1857,0.2182914
1858,0.16789384
1859,0.13110507
1860,0.12845628
1861,0.12691131
1862,0.13608417
1863,0.23090507
1864,0.16353577
1865,0.096794516
1866,0.1661355
1867,0.11800303
1868,0.08611827
1869,0.10474784
1870,0.07510472
1871,0.08912778
1872,2.6218143
1873,1.0228974
1874,0.38193822
1875,2.5571942
1876,1.0358872
1877,0.41895008
1878,1.7240454
1879,0.5947941
1880,0.30080083
1881,0.7645915
1882,0.47063673
1883,0.30374384
1884,0.15979847
1885,0.13794209
1886,0.13034503
1887,0.39287394
1888,0.22301416
1889,0.13791339
1890,0.096196935
1891,0.10657876
1892,0.10383481
1893,0.08408811
1894,0.06638749
1895,0.052747585
1896,0.05380033
1897,0.052831158
1898,0.06343044
1899,0.5541494
1900,0.4695328
1901,0.32273325
1902,0.8102438
1903,0.55340296
1904,0.31165215
1905,0.47069722
1906,0.45922273
1907,0.2867479
1908,0.31494743
1909,0.30229893
1910,0.22484751
1911,0.12829247
1912,0.11341729
1913,0.11040738
1914,0.13459522
1915,0.15301108
1916,0.1142729
1917,0.19226462
1918,0.20285356
1919,0.24203128
1920,0.20739943
1921,0.20392676
1922,0.16637485
1923,0.12964831
1924,0.11694139
1925,0.18823239
1926,1.7988546
1927,1.4254203
1928,1.2645428
1929,2.2509472
1930,1.422502
1931,0.8112815
1932,0.7708582
1933,0.75935495
1934,0.7835836
1935,1.3972161
1936,0.8264694
1937,0.70397186
1938,0.4967074
1939,0.33115473
1940,0.33042622
1941,0.2975811
1942,0.36245707
1943,0.37411734
1944,0.10031699
1945,0.09977117
1946,0.16221914
1947,0.0727809
1948,0.068085544
1949,0.06044998
1950,0.08617604
1951,0.06153974
1952,0.08553598
1953,0.5953639
1954,0.4325926
1955,0.31331924
1956,0.51431245
1957,0.46115732
1958,0.34057164
1959,0.34275442
1960,0.31921154
1961,0.25629315
1962,0.3060999
1963,0.31851903
1964,0.26404583
1965,0.22540617
1966,0.15782431
1967,0.150733
1968,0.11886062
1969,0.12322178
1970,0.13818622
1971,0.17154464
1972,0.16710417
1973,0.28614733
1974,0.21408208
1975,0.20116417
1976,0.16249464
1977,0.12556078
1978,0.10837109
1979,0.16807358
1980,1.0924876
1981,0.99554694
1982,1.018104
1983,0.9774426
1984,1.0208336
1985,0.8215776
1986,0.8384729
1987,0.85661834
1988,0.811768
1989,0.5264324
1990,0.6436351
1991,0.5692658
1992,0.4845004
1993,0.3385353
1994,0.28894344
1995,0.2774995
1996,0.33330542
1997,0.31515667
1998,0.19161826
1999,0.13087405
2000,0.19749984
2001,0.20980434
2002,0.1778863
2003,0.18199272
2004,0.14890265
2005,0.12595573
2006,0.13672145
2007,2.5185661
2008,1.383027
2009,1.076389
2010,2.270226
2011,2.1828089
2012,0.996445
2013,1.8524883
2014,0.88917005
2015,0.8551873
2016,0.63862115
2017,0.54516375
2018,0.53034776
2019,0.35535464
2020,0.36637172
2021,0.2656695
2022,0.38897267
2023,0.29757112
2024,0.26167482
2025,0.16469856
2026,0.14637412
2027,0.20822057
2028,0.18278778
2029,0.12231164
2030,0.09478923
2031,0.077781215
2032,0.075704195
2033,0.13427089
2034,1.2697096
2035,0.9993405
2036,0.9627502
2037,1.5675596
2038,1.4221158
2039,1.1832758
2040,0.9633091
2041,0.5933544
2042,0.65889126
2043,0.61425376
2044,0.58502287
2045,0.4979526
2046,0.40805626
2047,0.40920812
2048,0.23055774
2049,0.23564197
2050,0.2336187
2051,0.18245749
2052,0.11043625
2053,0.11001232
2054,0.084503174
2055,0.053342957
2056,0.045881215
2057,0.06107952
2058,0.046756066
2059,0.046547417
2060,0.0629246
2061,0.5231922
2062,0.35117695
2063,0.23600793
2064,0.4658425
2065,0.42067087
2066,0.30480275
2067,0.39594215
2068,0.29310837
2069,0.22819446
2070,0.33571252
2071,0.24295849
2072,0.21361665
2073,0.10480058
2074,0.11123374
2075,0.10066977
2076,0.10264355
2077,0.10077108
2078,0.08441462
2079,0.0937319
2080,0.09187031
2081,0.14266866
2082,0.081233285
2083,0.08086684
2084,0.079081304
2085,0.07469435
2086,0.07784548
2087,0.082077354
2088,0.34908205
2089,0.45380044
2090,0.46442673
2091,0.20997627
2092,0.28487042
2093,0.27299243
2094,0.29979736
2095,0.2787
2096,0.28229135
2097,0.26572728
2098,0.25077522
2099,0.27400574
2100,0.25834125
2101,0.14118738
2102,0.15335587
2103,0.13594927
2104,0.13123763
2105,0.14021847
2106,0.14239825
2107,0.15860912
2108,0.21135408
2109,0.28231126
2110,0.13399561
2111,0.13994424
2112,0.12199751
2113,0.096582584
2114,0.12203101
2115,0.74516636
2116,1.2044641
2117,0.8989021
2118,0.8263389
2119,0.8997596
2120,0.6514441
2121,0.6078196
2122,0.58246785
2123,0.5514952
2124,0.46729293
2125,0.58607954
2126,0.61517197
2127,0.41198367
2128,0.31812844
2129,0.23909561
2130,0.22788092
2131,0.20138244
2132,0.20323804
2133,0.14220291
2134,0.14095388
2135,0.1473828
2136,0.10444338
2137,0.13658282
2138,0.07551552
2139,0.08333576
2140,0.06512902
2141,0.10619855
2142,1.088729
2143,0.60193676
2144,0.44300863
2145,0.9198696
2146,0.5892744
2147,0.49785286
2148,0.73157746
2149,0.73110425
2150,0.44869238
2151,0.47737402
2152,0.37837845
2153,0.2754775
2154,0.16825111
2155,0.17545308
2156,0.21466562
2157,0.28761956
2158,0.243158
2159,0.22431748
2160,0.12063176
2161,0.119525835
2162,0.16160311
2163,0.08750987
2164,0.059561484
2165,0.061795373
2166,0.061002366
2167,0.06889543
2168,0.07388278
2169,0.6036787
2170,0.68733484
2171,0.4069101
2172,0.8030238
2173,0.6560451
2174,0.5195429
2175,0.46296844
2176,0.42215782
2177,0.33617976
2178,0.4574149
2179,0.34714907
2180,0.37815303
2181,0.24939308
2182,0.21180944
2183,0.1505049
2184,0.15554985
2185,0.11457416
2186,0.12912646
2187,0.080237515
2188,0.08553693
2189,0.069445826
2190,0.048203606
2191,0.064957924
2192,0.05128759
2193,0.041302986
2194,0.033866465
2195,0.06375964
2196,0.40856075
2197,0.3437858
2198,0.4070306
2199,0.23877539
2200,0.24895851
2201,0.30415118
2202,0.21267633
2203,0.1552911
2204,0.22885452
2205,0.29669172
2206,0.25129917
2207,0.2792286
2208,0.19136535
2209,0.13441488
2210,0.09895711
2211,0.06917568
2212,0.09825877
2213,0.087353885
2214,0.11458673
2215,0.10915729
2216,0.102760606
2217,0.099639066
2218,0.08385756
2219,0.069120124
2220,0.058284827
2221,0.055903405
2222,0.07811721
2223,0.79820406
2224,0.582731
2225,0.46783215
2226,0.5014715
2227,0.45175645
2228,0.36045003
2229,0.46240175
2230,0.4583744
2231,0.32584104
2232,0.40162307
2233,0.3144861
2234,0.25107393
2235,0.18476087
2236,0.12822546
2237,0.13548158
2238,0.17484087
2239,0.18271601
2240,0.1427241
2241,0.105299726
2242,0.091477014
2243,0.12324102
2244,0.08721668
2245,0.11436238
2246,0.12183768
2247,0.06593467
2248,0.049137037
2249,0.10161469
2250,0.56022257
2251,0.6730665
2252,0.4856894
2253,0.740983
2254,0.71504503
2255,0.45919338
2256,0.42203674
2257,0.44634297
2258,0.33382273
2259,0.2783326
2260,0.32503814
2261,0.2702037
2262,0.21815008
2263,0.17291403
2264,0.15809537
2265,0.17507261
2266,0.17945732
2267,0.16966309
2268,0.21089888
2269,0.22403426
2270,0.337129
2271,0.22379817
2272,0.1839611
2273,0.13472539
2274,0.14805628
2275,0.14319743
2276,0.17735659
2277,1.8226979
2278,1.7549132
2279,1.1489363
2280,3.627776
2281,2.560221
2282,1.768595
2283,1.7521287
2284,1.0610309
2285,0.9112414
2286,1.0015429
2287,0.89494514
2288,0.7602456
2289,0.53571707
2290,0.5096058
2291,0.35221624
2292,0.35305014
2293,0.3018919
2294,0.30063564
2295,0.22640713
2296,0.22057705
2297,0.17678185
2298,0.2181581
2299,0.21737178
2300,0.17953746
2301,0.1505765
2302,0.16116595
2303,0.17981127
2304,1.694839
2305,1.2570287
2306,0.6537173
2307,1.6320939
2308,0.98912543
2309,0.7704258
2310,1.1127952
2311,0.8255149
2312,0.60101783
2313,0.742318
2314,0.74206954
2315,0.46614894
2316,0.28870684
2317,0.24373667
2318,0.24535905
2319,0.4139699
2320,0.38586044
2321,0.24858376
2322,0.15099727
2323,0.13297091
2324,0.13130568
2325,0.12861535
2326,0.14678605
2327,0.13618392
2328,0.08028303
2329,0.0954182
2330,0.101788126
2331,1.1436236
2332,0.6561447
2333,0.484727
2334,0.85869384
2335,0.7020203
2336,0.41907415
2337,0.6898981
2338,0.51330036
2339,0.34566176
2340,0.541415
2341,0.57047385
2342,0.2345386
2343,0.17444567
2344,0.14972243
2345,0.1506018
2346,0.18927734
2347,0.21745323
2348,0.1781588
2349,0.2030414
2350,0.2060549
2351,0.2512135
2352,0.18966836
2353,0.18000105
2354,0.16345122
2355,0.12588136
2356,0.1652853
2357,0.17469004
2358,1.9304922
2359,1.2670952
2360,1.4096203
2361,1.9316413
2362,1.3579335
2363,0.9226014
2364,1.3610574
2365,0.77983737
2366,0.86900294
2367,0.8585826
2368,0.68887216
2369,0.6724836
2370,0.48010856
2371,0.28603277
2372,0.27461526
2373,0.27050096
2374,0.26345417
2375,0.2620783
2376,0.18171093
2377,0.17601497
2378,0.14249878
2379,0.11986516
2380,0.12500994
2381,0.13220836
2382,0.12568022
2383,0.07941487
2384,0.12063299
2385,1.1934447
2386,0.8120811
2387,0.42267835
2388,1.5247606
2389,0.8417355
2390,0.48951638
2391,0.95353425
2392,0.5577529
2393,0.45944476
2394,0.6039017
2395,0.47538966
2396,0.28078806
2397,0.20608458
2398,0.17081954
2399,0.17996775
2400,0.27973643
2401,0.25991547
2402,0.19009195
2403,0.24272443
2404,0.2569941
2405,0.16364169
2406,0.22950923
2407,0.19366539
2408,0.17196728
2409,0.13970591
2410,0.12968163
2411,0.186795
2412,2.392186
2413,1.858327
2414,0.73807997
2415,2.184218
2416,1.343465
2417,0.78801185
2418,1.4616934
2419,1.0925665
2420,0.6663489
2421,1.2358942
2422,1.0097065
2423,0.62288123
2424,0.32217625
2425,0.22787084
2426,0.2913873
2427,0.39905915
2428,0.38675126
2429,0.25514725
2430,0.1918014
2431,0.17443526
2432,0.21209103
2433,0.21614018
2434,0.19241782
2435,0.15896943
2436,0.13116394
2437,0.11302678
2438,0.18564709
2439,1.7540805
2440,1.2323033
2441,1.1333077
2442,1.5664217
2443,1.4807644
2444,1.4973016
2445,0.98531586
2446,0.999233
2447,0.93189734
2448,0.57779324
2449,0.55659384
2450,0.5411885
2451,0.38032594
2452,0.37549087
2453,0.32011816
2454,0.34264612
2455,0.30100778
2456,0.35197112
2457,0.273102
2458,0.2763512
2459,0.3466807
2460,0.4408364
2461,0.2829805
2462,0.16214451
2463,0.1396102
2464,0.1411327
2465,0.22062637
2466,3.1980522
2467,3.1678734
2468,2.086561
2469,2.618873
2470,1.6605878
2471,1.4945487
2472,1.7455543
2473,1.2796327
2474,1.0718127
2475,1.3791952
2476,1.2234485
2477,1.1126854
2478,0.7904377
2479,0.5266003
2480,0.40016866
2481,0.4049616
2482,0.4097777
2483,0.3918223
2484,0.08767088
2485,0.077467866
2486,0.0875996
2487,0.04930048
2488,0.05792616
2489,0.036276
2490,0.05821668
2491,0.03895218
2492,0.050492115
2493,0.41521266
2494,0.36875728
2495,0.18674543
2496,0.3377743
2497,0.42697906
2498,0.34312263
2499,0.2655238
2500,0.23274758
2501,0.1425875
2502,0.20955415
2503,0.20343816
2504,0.14210583
2505,0.12093272
2506,0.086906716
2507,0.08777625
2508,0.09936313
2509,0.082528874
2510,0.08486371
2511,0.14258051
2512,0.11973148
2513,0.102312446
2514,0.077023625
2515,0.062855035
2516,0.059073824
2517,0.051083833
2518,0.05190917
2519,0.059311263
2520,1.0395906
2521,0.619044
2522,0.3855943
2523,0.9497863
2524,0.48923796
2525,0.2885437
2526,0.5204207
2527,0.39103663
2528,0.20907333
2529,0.5421484
2530,0.38580492
2531,0.25722557
2532,0.16895866
2533,0.10661931
2534,0.09584444
2535,0.15602285
2536,0.14412755
2537,0.09527557
2538,0.096681155
2539,0.10288487
2540,0.15545586
2541,0.1625855
2542,0.10615614
2543,0.090718575
2544,0.060398623
2545,0.06588357
2546,0.13331574
2547,0.60879475
2548,0.588229
2549,0.600242
2550,0.61909467
2551,0.7306326
2552,0.6366406
2553,0.504413
2554,0.3429587
2555,0.3117625
2556,0.18307763
2557,0.39871392
2558,0.35687006
2559,0.2805905
2560,0.33446485
2561,0.27137595
2562,0.21115735
2563,0.16587532
2564,0.20989336
2565,0.1922623
2566,0.18440057
2567,0.17841415
2568,0.1857677
2569,0.1740217
2570,0.08551564
2571,0.1495481
2572,0.10298315
2573,0.14761241
2574,1.946456
2575,1.1007962
2576,0.8743316
2577,1.9032304
2578,1.1004524
2579,0.67247814
2580,1.1809492
2581,0.7203034
2582,0.54079926
2583,0.92679757
2584,0.6337855
2585,0.49864322
2586,0.37741274
2587,0.21888345
2588,0.2021045
2589,0.30604002
2590,0.24014777
2591,0.20003802
2592,0.0802251
2593,0.065388866
2594,0.0694218
2595,0.054876942
2596,0.03928002
2597,0.06871781
2598,0.046075422
2599,0.046060197
2600,0.06470105
2601,0.2896311
2602,0.33493793
2603,0.3317687
2604,0.3684055
2605,0.25317857
2606,0.20835079
2607,0.21396312
2608,0.27011493
2609,0.19345924
2610,0.21893825
2611,0.18636188
2612,0.12750475
2613,0.16235949
2614,0.11005857
2615,0.08684629
2616,0.10034172
2617,0.11928689
2618,0.10458246
2619,0.11618058
2620,0.10977605
2621,0.09930554
2622,0.108014755
2623,0.09135375
2624,0.11250335
2625,0.07830583
2626,0.05698779
2627,0.077973574
2628,0.65031004
2629,0.555645
2630,0.2848052
2631,0.74941266
2632,0.58252656
2633,0.3904235
2634,0.573725
2635,0.43953007
2636,0.35870382
2637,0.32798836
2638,0.32442734
2639,0.15763175
2640,0.12459347
2641,0.12105932
2642,0.14087933
2643,0.2697616
2644,0.19938108
2645,0.16576257
2646,0.097071856
2647,0.102940835
2648,0.057576805
2649,0.058252912
2650,0.061837226
2651,0.04225294
2652,0.060619425
2653,0.041581888
2654,0.04873831
2655,0.5404226
2656,0.36042106
2657,0.19375704
2658,0.6083245
2659,0.357433
2660,0.16041352
2661,0.44929728
2662,0.34298527
2663,0.21718983
2664,0.3358591
2665,0.35192958
2666,0.13120852
2667,0.09485118
2668,0.060506765
2669,0.06703836
2670,0.1268272
2671,0.10842774
2672,0.08514036
2673,0.09107993
2674,0.10512798
2675,0.093363434
2676,0.06598781
2677,0.06319105
2678,0.05089283
2679,0.046886176
2680,0.04508787
2681,0.04434304
2682,0.71127164
2683,0.62917733
2684,0.25196546
2685,0.99351096
2686,0.7412841
2687,0.2736391
2688,0.45343548
2689,0.3127858
2690,0.19404925
2691,0.27872738
2692,0.2754686
2693,0.15261781
2694,0.13051413
2695,0.10299183
2696,0.09349451
2697,0.12963438
2698,0.11699962
2699,0.10450835
2700,0.12774242
2701,0.10703222
2702,0.11222723
2703,0.10910433
2704,0.10091029
2705,0.08782584
2706,0.0615996
2707,0.0697462
2708,0.063555546
2709,0.75087357
2710,0.4524504
2711,0.31108722
2712,0.7172109
2713,0.57450086
2714,0.3156615
2715,0.56454694
2716,0.4800513
2717,0.25549358
2718,0.46687058
2719,0.43988436
2720,0.19648872
2721,0.15523751
2722,0.09100199
2723,0.12518674
2724,0.231529
2725,0.19420618
2726,0.13035263
2727,0.11579488
2728,0.111068554
2729,0.06951894
2730,0.0518657
2731,0.06320771
2732,0.0660643
2733,0.07703805
2734,0.07575773
2735,0.050807253
2736,0.38362196
2737,0.3922118
2738,0.27416065
2739,0.32962558
2740,0.27420303
2741,0.18804987
2742,0.4351069
2743,0.34774405
2744,0.2667367
2745,0.4036376
2746,0.26938677
2747,0.13297126
2748,0.10934537
2749,0.068419866
2750,0.08009336
2751,0.13890587
2752,0.12515752
2753,0.09859236
2754,0.16189757
2755,0.09367939
2756,0.13235414
2757,0.15599054
2758,0.0875734
2759,0.0978082
2760,0.087856844
2761,0.087802276
2762,0.08126163
2763,1.7646863
2764,1.0250314
2765,0.9316671
2766,1.041738
2767,1.1371837
2768,1.0629572
2769,0.6895706
2770,0.39275566
2771,0.4645459
2772,0.5446838
2773,0.23840073
2774,0.3567838
2775,0.5072932
2776,0.38458455
2777,0.19195746
2778,0.2134612
2779,0.18108445
2780,0.16316068
2781,0.12790832
2782,0.12943439
2783,0.18247923
2784,0.13899235
2785,0.13113572
2786,0.13662022
2787,0.078712314
2788,0.09132104
2789,0.10781456
2790,0.98399377
2791,1.0224386
2792,0.64102155
2793,0.7494842
2794,0.94003516
2795,0.69015676
2796,0.7153996
2797,0.5350894
2798,0.43502378
2799,0.4734805
2800,0.4098707
2801,0.38667133
2802,0.30292442
2803,0.21737619
2804,0.19266555
2805,0.25842097
2806,0.26174897
2807,0.22769831
2808,0.083272405
2809,0.08665768
2810,0.07256671
2811,0.05041272
2812,0.03482932
2813,0.043957166
2814,0.042383425
2815,0.042903904
2816,0.049302112
2817,0.31138375
2818,0.32051137
2819,0.13830248
2820,0.3723049
2821,0.30101112
2822,0.22100437
2823,0.26859084
2824,0.18740153
2825,0.16168289
2826,0.2183511
2827,0.23649478
2828,0.08952444
2829,0.10797145
2830,0.0746001
2831,0.078915276
2832,0.088445745
2833,0.09248105
2834,0.076942384
2835,0.096532546
2836,0.108152255
2837,0.17960069
2838,0.10866533
2839,0.09867321
2840,0.06305797
2841,0.056835942
2842,0.05787142
2843,0.094478674
2844,0.5914505
2845,0.45514908
2846,0.4190815
2847,0.49875262
2848,0.5124695
2849,0.45411667
2850,0.36169618
2851,0.36554503
2852,0.3524326
2853,0.29286966
2854,0.2796612
2855,0.19397166
2856,0.23735382
2857,0.21721797
2858,0.17011304
2859,0.20802866
2860,0.1803548
2861,0.18639699
2862,0.10849275
2863,0.08675082
2864,0.06160001
2865,0.072751865
2866,0.062190797
2867,0.06539134
2868,0.04377337
2869,0.04253454
2870,0.048029732
2871,1.2300291
2872,0.40487283
2873,0.17698042
2874,0.6699109
2875,0.36862302
2876,0.1588647
2877,0.55996394
2878,0.23307613
2879,0.17705709
2880,0.36828658
2881,0.25482738
2882,0.13065508
2883,0.10345922
2884,0.053398088
2885,0.075408995
2886,0.14624062
2887,0.09246817
2888,0.061382942
2889,0.068308316
2890,0.060773373
2891,0.062145796
2892,0.018027762
2893,0.025448926
2894,0.035631046
2895,0.03468648
2896,0.036185257
2897,0.05017799
2898,0.15181702
2899,0.061280742
2900,0.079860516
2901,-0.04847872
2902,0.20855846
2903,0.13198681
2904,0.10791491
2905,0.1686187
2906,0.09013982
2907,0.1704777
2908,0.108238265
2909,0.0742183
2910,0.088041835
2911,0.08904638
2912,0.07467904
2913,0.06936796
2914,0.065277636
2915,0.06610255
2916,0.082915656
2917,0.0942782
2918,0.07387641
2919,0.041095283
2920,0.038040314
2921,0.032866746
2922,0.033897277
2923,0.030396365
2924,0.0452852
2925,0.3242099
2926,0.2752679
2927,0.17169943
2928,0.30317032
2929,0.22858599
2930,0.13185203
2931,0.21378815
2932,0.14260505
2933,0.11107114
2934,0.24870582
2935,0.21591519
2936,0.10477956
2937,0.09885766
2938,0.08358393
2939,0.06329896
2940,0.0852137
2941,0.07756626
2942,0.05830155
2943,0.21135722
2944,0.19286887
2945,0.28456947
2946,0.18943712
2947,0.08993908
2948,0.1270647
2949,0.1047803
2950,0.10752954
2951,0.14813778
2952,1.8775346
2953,1.493169
2954,0.71707094
2955,3.1514556
2956,2.4370794
2957,1.411242
2958,1.5515765
2959,1.0239446
2960,0.67725337
2961,0.8073502
2962,0.7601706
2963,0.5312971
2964,0.32677057
2965,0.49905616
2966,0.27490595
2967,0.35349736
2968,0.2944238
2969,0.2347387
2970,0.23772115
2971,0.22859913
2972,0.2059964
2973,0.22674793
2974,0.19694929
2975,0.14634852
2976,0.15623622
2977,0.10887233
2978,0.17232683
2979,2.8448224
2980,1.4442506
2981,0.6281239
2982,3.1473413
2983,1.5981082
2984,0.76768464
2985,1.9211538
2986,1.2842418
2987,0.56548035
2988,1.0508991
2989,0.93442494
2990,0.4568688
2991,0.25289604
2992,0.22197683
2993,0.23925388
2994,0.50097686
2995,0.38042772
2996,0.24742958
2997,0.15320554
2998,0.16023226
2999,0.22456907
3000,0.1490208
3001,0.10491614
3002,0.08032543
3003,0.101744905
3004,0.07691937
3005,0.12169086
3006,0.96615165
3007,1.3988107
3008,1.1621253
3009,0.5848347
3010,0.5712883
3011,0.61442786
3012,0.512381
3013,0.5967512
3014,0.51932055
3015,0.6698587
3016,0.61395913
3017,0.6217823
3018,0.4267483
3019,0.22404677
3020,0.20554323
3021,0.15663333
3022,0.15510029
3023,0.18454982
3024,0.17988932
3025,0.19670501
3026,0.23178408
3027,0.21631745
3028,0.20740503
3029,0.13508071
3030,0.12556583
3031,0.12445875
3032,0.1750937
3033,1.5299499
3034,1.3459923
3035,0.98749626
3036,1.152448
3037,1.0106986
3038,0.89410466
3039,1.0165687
3040,1.0214088
3041,0.747175
3042,0.73295575
3043,0.7261697
3044,0.58542585
3045,0.37462288
3046,0.33720037
3047,0.29693708
3048,0.2959971
3049,0.2878104
3050,0.2796246
3051,0.22525403
3052,0.17145649
3053,0.10989861
3054,0.16492257
3055,0.15707123
3056,0.12123481
3057,0.13264742
3058,0.110382274
3059,0.12958047
3060,1.5555557
3061,1.081649
3062,0.47568893
3063,1.7811316
3064,0.8103264
3065,0.6388568
3066,0.9982622
3067,0.61167186
3068,0.43422422
3069,0.72299176
3070,0.47929317
3071,0.34869945
3072,0.18397778
3073,0.20620161
3074,0.1839275
3075,0.33293357
3076,0.23021547
3077,0.2035721
3078,0.15465516
3079,0.14050815
3080,0.11290073
3081,0.11042091
3082,0.08040047
3083,0.05400293
3084,0.0798476
3085,0.05757211
3086,0.07492902
3087,1.1667047
3088,0.6803023
3089,0.33070254
3090,1.7906114
3091,0.8058011
3092,0.31440988
3093,0.8502714
3094,0.5242041
3095,0.19922924
3096,0.44519892
3097,0.4164344
3098,0.21344814
3099,0.15574196
3100,0.113021754
3101,0.1119812
3102,0.27860188
3103,0.16596365
3104,0.1099079
3105,0.17117007
3106,0.175056
3107,0.19731006
3108,0.30725574
3109,0.19774118
3110,0.1800656
3111,0.11641384
3112,0.11251442
3113,0.15557933
3114,1.4596367
3115,1.644457
3116,0.9738119
3117,1.2482886
3118,1.0599185
3119,0.7215661
3120,0.83266425
3121,0.8495371
3122,0.7404777
3123,0.71779656
3124,0.8353325
3125,0.5476951
3126,0.49802148
3127,0.39628345
3128,0.30099168
3129,0.2485356
3130,0.3273634
3131,0.2974899
3132,0.09396621
3133,0.0891907
3134,0.11432411
3135,0.049131244
3136,0.037389982
3137,0.06579029
3138,0.051056415
3139,0.039604742
3140,0.06600339
3141,0.42049992
3142,0.37551874
3143,0.2382429
3144,0.74172163
3145,0.60384834
3146,0.38494825
3147,0.34672952
3148,0.362469
3149,0.2351057
3150,0.22489077
3151,0.14095396
3152,0.1415986
3153,0.11780927
3154,0.10950834
3155,0.08321598
3156,0.14236696
3157,0.10753142
3158,0.10300683
3159,0.15728131
3160,0.13556406
3161,0.2043985
3162,0.1467043
3163,0.15094659
3164,0.114790395
3165,0.09368422
3166,0.08678369
3167,0.14149703
3168,1.7056628
3169,1.6664501
3170,0.9970335
3171,2.2464018
3172,1.9323225
3173,1.2746063
3174,1.0188591
3175,0.5901456
3176,0.7212594
3177,0.5450895
3178,0.56144613
3179,0.3663132
3180,0.4562467
3181,0.39441538
3182,0.26925135
3183,0.2898357
3184,0.24126467
3185,0.25994647
3186,0.12273156
3187,0.119295284
3188,0.10543053
3189,0.079248846
3190,0.0631368
3191,0.047163874
3192,0.05613876
3193,0.061567448
3194,0.07618267
3195,0.8760165
3196,0.52450573
3197,0.41424027
3198,0.735226
3199,0.59305745
3200,0.38116342
3201,0.50334346
3202,0.27552745
