ID,Target Pressure (bar)
0,0.24170008
1,0.24367852
2,0.36310765
3,0.294459
4,0.21409866
5,0.16643375
6,0.13932712
7,0.13052897
8,0.25163943
9,2.1986358
10,2.2420957
11,1.7231677
12,2.771569
13,2.5950627
14,1.8855696
15,1.6406054
16,1.4904604
17,1.2751927
18,1.1384656
19,0.9811117
20,0.85777
21,0.60782546
22,0.51256585
23,0.49639466
24,0.46664947
25,0.4709476
26,0.47694066
27,0.09334058
28,0.08946435
29,0.06543208
30,0.03931321
31,0.034850646
32,0.033604864
33,0.038894553
34,0.03671487
35,0.0357783
36,0.40443826
37,0.29653305
38,0.17084716
39,0.3651034
40,0.2719621
41,0.16269197
42,0.26442453
43,0.20296213
44,0.12442226
45,0.17871958
46,0.15876015
47,0.09486948
48,0.07523236
49,0.061810184
50,0.060975518
51,0.07736021
52,0.06877592
53,0.05599968
54,0.13096528
55,0.12732086
56,0.12042102
57,0.11413102
58,0.11027358
59,0.110581025
60,0.080921516
61,0.07452115
62,0.09778919
63,0.8178139
64,0.8407785
65,0.5780739
66,0.88132167
67,0.8898053
68,0.5595438
69,0.67914015
70,0.61205494
71,0.3852696
72,0.4450453
73,0.42077506
74,0.30745307
75,0.19279487
76,0.15478195
77,0.17235689
78,0.27387875
79,0.25185573
80,0.1859714
81,0.09443443
82,0.09443443
83,0.115571655
84,0.044595387
85,0.04458238
86,0.04290398
87,0.035982337
88,0.032430485
89,0.049314097
90,0.3722136
91,0.3582217
92,0.32501504
93,0.35535902
94,0.31554002
95,0.2854866
96,0.21032114
97,0.18186946
98,0.15775205
99,0.25327626
100,0.24100986
101,0.20008808
102,0.17011233
103,0.11233821
104,0.07830438
105,0.07657345
106,0.07144713
107,0.07349694
108,0.1763844
109,0.17773867
110,0.19733201
111,0.10655903
112,0.09362657
113,0.09053703
114,0.08187418
115,0.07464006
116,0.11291758
117,1.0522811
118,0.8056431
119,0.63949966
120,1.0862442
121,0.8255662
122,0.63348895
123,0.69599944
124,0.5413441
125,0.45406586
126,0.50124514
127,0.4746498
128,0.33921948
129,0.28981808
130,0.24496105
131,0.21681648
132,0.256057
133,0.22500964
134,0.20938465
135,0.114474654
136,0.11167609
137,0.108981304
138,0.0803897
139,0.08167477
140,0.073108256
141,0.065083764
142,0.05968573
143,0.07892655
144,0.6355341
145,0.51214546
146,0.4023613
147,0.6727589
148,0.5381021
149,0.3836044
150,0.5364336
151,0.3831425
152,0.3196608
153,0.38816348
154,0.34727144
155,0.24802954
156,0.14975084
157,0.11368233
158,0.10766815
159,0.16405858
160,0.13115995
161,0.11022483
162,0.13800363
163,0.13841389
164,0.13780178
165,0.06706386
166,0.07108569
167,0.068230875
168,0.06809836
169,0.067268975
170,0.09085658
171,0.8817299
172,0.5194781
173,0.4041112
174,1.6411234
175,0.7778224
176,0.50319535
177,0.78755176
178,0.5440728
179,0.3702579
180,0.38217986
181,0.3491823
182,0.23955059
183,0.14926569
184,0.13698249
185,0.13652232
186,0.18061945
187,0.15335901
188,0.14115658
189,0.09742488
190,0.09578633
191,0.08173158
192,0.06410973
193,0.059576318
194,0.053871956
195,0.051654924
196,0.04470224
197,0.056551605
198,0.40271276
199,0.33630997
200,0.244462
201,0.39764252
202,0.3347832
203,0.23840661
204,0.3355377
205,0.29429746
206,0.20023535
207,0.28654116
208,0.2627566
209,0.15212303
210,0.10539319
211,0.0800583
212,0.07874132
213,0.111028515
214,0.10879531
215,0.08315471
216,0.09782139
217,0.09801696
218,0.13721573
219,0.07733113
220,0.05396736
221,0.054266
222,0.05112896
223,0.055960413
224,0.07462302
225,0.33503088
226,0.33729172
227,0.33226955
228,0.31681925
229,0.31837285
230,0.2735223
231,0.26228717
232,0.2657584
233,0.22819093
234,0.23720554
235,0.24525565
236,0.21200874
237,0.17984867
238,0.12928867
239,0.11864238
240,0.09993867
241,0.09923344
242,0.10584256
243,0.312228
244,0.26985332
245,0.2449506
246,0.28108883
247,0.24471058
248,0.18282446
249,0.2189129
250,0.18996447
251,0.1448464
252,2.9579241
253,1.736463
254,1.1283207
255,3.5410392
256,1.8134056
257,1.178299
258,2.0734231
259,1.6576197
260,1.0073406
261,1.3170382
262,1.059676
263,0.5675609
264,0.38765764
265,0.28618595
266,0.28212115
267,0.6006574
268,0.47439498
269,0.33223975
270,0.08884423
271,0.08949459
272,0.09464686
273,0.041592553
274,0.043893613
275,0.042726904
276,0.03963357
277,0.038254097
278,0.058463454
279,0.4314144
280,0.39164713
281,0.35284346
282,0.38679868
283,0.36095142
284,0.30945683
285,0.2737368
286,0.2705765
287,0.26864597
288,0.32325733
289,0.3324685
290,0.2863363
291,0.1716872
292,0.10309329
293,0.0914261
294,0.08967615
295,0.084312424
296,0.08703785
297,0.13166705
298,0.12840752
299,0.14826919
300,0.11471578
301,0.1103657
302,0.10545472
303,0.11166518
304,0.10571006
305,0.11101943
306,0.67257595
307,0.48422903
308,0.4199833
309,0.54348856
310,0.48389187
311,0.41863596
312,0.5268177
313,0.42713153
314,0.42429253
315,0.3817135
316,0.3406421
317,0.30411097
318,0.20951475
319,0.1679411
320,0.17761956
321,0.19982287
322,0.19908167
323,0.17829762
324,0.13433741
325,0.13483952
326,0.12923473
327,0.107446946
328,0.111951336
329,0.09473354
330,0.09223607
331,0.08752425
332,0.09931811
333,0.5723188
334,0.50388837
335,0.40822482
336,0.5642773
337,0.509998
338,0.40794006
339,0.54469454
340,0.48565665
341,0.40246105
342,0.38759345
343,0.38167956
344,0.2987199
345,0.21458247
346,0.14387782
347,0.1481896
348,0.16808537
349,0.17800863
350,0.1657131
351,0.17605552
352,0.18269144
353,0.2006973
354,0.087966755
355,0.07346135
356,0.078993015
357,0.071366355
358,0.06887714
359,0.1077027
360,0.9757908
361,0.68451715
362,0.54434973
363,1.6918467
364,1.2734697
365,0.84578055
366,1.0032275
367,0.8215874
368,0.6123151
369,0.638487
370,0.5609987
371,0.39900583
372,0.2503873
373,0.21453021
374,0.17835799
375,0.2163237
376,0.21219727
377,0.17881598
378,0.13031368
379,0.11549918
380,0.104967676
381,0.1053053
382,0.10444098
383,0.09362953
384,0.08003152
385,0.08470843
386,0.058191516
387,1.3306916
388,0.7576677
389,0.30375502
390,1.3637449
391,0.6303636
392,0.33066565
393,0.7930102
394,0.54635876
395,0.26464263
396,0.42881957
397,0.38029447
398,0.20518662
399,0.13294856
400,0.10075643
401,0.096150085
402,0.24205446
403,0.16045491
404,0.09938942
405,0.11523973
406,0.11426676
407,0.12740935
408,0.061049636
409,0.0609215
410,0.058846872
411,0.052030228
412,0.048942324
413,0.07181764
414,0.5467612
415,0.46099302
416,0.34353903
417,0.54136974
418,0.43683308
419,0.3521525
420,0.39164913
421,0.36599654
422,0.30797657
423,0.35964635
424,0.33678168
425,0.2639437
426,0.18271232
427,0.13841234
428,0.13543953
429,0.16838114
430,0.16225696
431,0.13526237
432,0.09679993
433,0.09733478
434,0.11805976
435,0.07835537
436,0.06449952
437,0.063659474
438,0.04928625
439,0.04787546
440,0.07902129
441,0.3866314
442,0.38762543
443,0.361777
444,0.39267528
445,0.37663725
446,0.33666041
447,0.30105215
448,0.28169376
449,0.24883363
450,0.23755258
451,0.23009823
452,0.22918713
453,0.18710099
454,0.14503053
455,0.1417417
456,0.13331208
457,0.13791825
458,0.1403749
459,0.060219716
460,0.061300915
461,0.06535503
462,0.037921596
463,0.036786634
464,0.03510953
465,0.033069443
466,0.03084362
467,0.040409837
468,0.2429846
469,0.23332137
470,0.18614168
471,0.22108121
472,0.1934188
473,0.17113239
474,0.16310844
475,0.14614859
476,0.11131834
477,0.1414425
478,0.13204174
479,0.1272459
480,0.09746815
481,0.06326295
482,0.05664506
483,0.05693813
484,0.053615257
485,0.052947275
486,0.11154329
487,0.11494929
488,0.14108464
489,0.06678564
490,0.06618613
491,0.06777854
492,0.04813529
493,0.04517209
494,0.068864346
495,0.501014
496,0.46467906
497,0.38718605
498,0.47760794
499,0.44462562
500,0.41350666
501,0.39380816
502,0.39465106
503,0.37169594
504,0.36083215
505,0.33924052
506,0.2851032
507,0.20968123
508,0.15287724
509,0.1232718
510,0.12683709
511,0.124175414
512,0.12315571
513,0.105155475
514,0.1005614
515,0.120994784
516,0.060996503
517,0.06905102
518,0.056376066
519,0.052986424
520,0.050189637
521,0.0685937
522,0.5089471
523,0.3712764
524,0.37961686
525,0.45397985
526,0.40064108
527,0.35145652
528,0.4002874
529,0.32778913
530,0.26978496
531,0.25266027
532,0.25677103
533,0.1832258
534,0.1502352
535,0.114695355
536,0.1073435
537,0.11306443
538,0.10316598
539,0.09960076
540,0.07910971
541,0.079144895
542,0.08778248
543,0.05667081
544,0.056798644
545,0.055772606
546,0.05172662
547,0.05069947
548,0.06291582
549,0.2490896
550,0.22224054
551,0.21529599
552,0.27342775
553,0.24833618
554,0.22144629
555,0.23361258
556,0.23527643
557,0.20620565
558,0.20282242
559,0.18971874
560,0.18182704
561,0.104759015
562,0.08332306
563,0.08494588
564,0.08598295
565,0.08568659
566,0.08638148
567,0.06919755
568,0.06627421
569,0.05790675
570,0.04865708
571,0.045005042
572,0.04302721
573,0.040669117
574,0.039625295
575,0.035730995
576,0.23349985
577,0.20595838
578,0.15327166
579,0.21506712
580,0.19608201
581,0.15671176
582,0.17174126
583,0.15071115
584,0.114577785
585,0.12942898
586,0.13178638
587,0.106583074
588,0.08557302
589,0.06727272
590,0.06135284
591,0.077939674
592,0.07469348
593,0.0654222
594,0.124170475
595,0.124465615
596,0.17000283
597,0.08326923
598,0.071308546
599,0.06659809
600,0.05061382
601,0.046515625
602,0.07358741
603,0.8620222
604,0.85433394
605,0.63945514
606,0.90435743
607,0.78024226
608,0.73701525
609,0.55719566
610,0.46611807
611,0.39586398
612,0.48369455
613,0.4337048
614,0.33905596
615,0.24015622
616,0.18704031
617,0.14369804
618,0.14593835
619,0.13140747
620,0.13564464
621,0.19128926
622,0.1867432
623,0.25476444
624,0.17409629
625,0.12781146
626,0.11079424
627,0.08825835
628,0.082728356
629,0.111600704
630,2.482472
631,1.8797919
632,1.1227785
633,2.358152
634,2.1724946
635,1.4915882
636,1.4687797
637,1.3501881
638,0.83548707
639,1.0922318
640,0.92981654
641,0.5951897
642,0.38714156
643,0.2981193
644,0.26828435
645,0.33555076
646,0.2894437
647,0.25513896
648,0.09207617
649,0.09498089
650,0.094720036
651,0.08607672
652,0.091102704
653,0.081744134
654,0.06257222
655,0.059891384
656,0.059225924
657,0.5951731
658,0.39232922
659,0.24976185
660,0.6605025
661,0.4189321
662,0.27823967
663,0.4651563
664,0.36781022
665,0.22889127
666,0.308975
667,0.25201094
668,0.17026515
669,0.11361401
670,0.085015215
671,0.09390973
672,0.20769262
673,0.1563401
674,0.10505577
675,0.23710781
676,0.23710017
677,0.34946564
678,0.31077123
679,0.23092137
680,0.16683993
681,0.1294236
682,0.12132409
683,0.21023485
684,1.8161924
685,1.772754
686,1.5281703
687,2.5586712
688,1.8834157
689,1.5198864
690,1.455244
691,1.3732013
692,0.9624994
693,0.8539356
694,0.75940925
695,0.5233614
696,0.42470628
697,0.5140763
698,0.407204
699,0.4199735
700,0.41069832
701,0.40608025
702,0.08350979
703,0.081898496
704,0.08378122
705,0.037374347
706,0.03744727
707,0.035542794
708,0.036486056
709,0.032148737
710,0.03909918
711,0.32393405
712,0.25805825
713,0.21341874
714,0.30316663
715,0.22781853
716,0.1851928
717,0.23743054
718,0.21248628
719,0.17855105
720,0.19261874
721,0.21048012
722,0.16092047
723,0.09524703
724,0.07247797
725,0.07425351
726,0.081950694
727,0.07536612
728,0.07469472
729,0.103693224
730,0.09797192
731,0.08522905
732,0.04952388
733,0.04342812
734,0.0371933
735,0.0371762
736,0.03671872
737,0.046911214
738,0.5729882
739,0.45379674
740,0.27146804
741,0.45617032
742,0.37670025
743,0.23060071
744,0.21184674
745,0.2052843
746,0.1753392
747,0.3492862
748,0.25169554
749,0.16702476
750,0.10018963
751,0.08373218
752,0.080453046
753,0.07763356
754,0.07250227
755,0.075683184
756,0.10276085
757,0.09580234
758,0.12240928
759,0.05749566
760,0.04343944
761,0.05807774
762,0.05392256
763,0.053589232
764,0.06576153
765,0.65423226
766,0.52405614
767,0.5038159
768,1.3066665
769,1.0613918
770,0.932502
771,0.5705706
772,0.4451484
773,0.35004002
774,0.272549
775,0.2579007
776,0.23691165
777,0.14924788
778,0.20631774
779,0.12826498
780,0.14404714
781,0.12086226
782,0.12768249
783,0.09159993
784,0.08459098
785,0.07936244
786,0.036403824
787,0.030678522
788,0.03011547
789,0.029113881
790,0.025009312
791,0.03154763
792,0.5388814
793,0.29352605
794,0.1865653
795,0.71179944
796,0.37217784
797,0.23495682
798,0.3017786
799,0.25801092
800,0.17724647
801,0.28223822
802,0.2203277
803,0.14762042
804,0.09526787
805,0.07962958
806,0.07307041
807,0.0876957
808,0.06870627
809,0.061687365
810,0.10047605
811,0.11242876
812,0.11860592
813,0.06742747
814,0.072593525
815,0.056266177
816,0.05601717
817,0.052398603
818,0.069924094
819,0.5373977
820,0.4551289
821,0.40186197
822,0.5027436
823,0.41983306
824,0.3876711
825,0.38099825
826,0.4004933
827,0.30120033
828,0.29555428
829,0.32119435
830,0.24511217
831,0.17745501
832,0.12831187
833,0.11954253
834,0.13410312
835,0.13143659
836,0.12382928
837,0.2633442
838,0.25518245
839,0.36791676
840,0.3665452
841,0.19330089
842,0.16007532
843,0.19564678
844,0.16827707
845,0.3388973
846,3.9574573
847,2.411594
848,2.0724044
849,4.1652274
850,2.2236383
851,1.8358998
852,2.5484207
853,1.8388743
854,1.4097885
855,1.4171973
856,1.1034516
857,0.77388006
858,0.5622855
859,0.547445
860,0.60866666
861,0.782986
862,0.6064326
863,0.59631264
864,0.06288841
865,0.0606806
866,0.07947401
867,0.047495756
868,0.041940793
869,0.043068677
870,0.037006754
871,0.03642589
872,0.053723063
873,0.2713293
874,0.27553532
875,0.2577766
876,0.27111053
877,0.26204088
878,0.23944053
879,0.20394072
880,0.20569041
881,0.17836262
882,0.19691472
883,0.19750828
884,0.16738747
885,0.13354197
886,0.11026475
887,0.0926823
888,0.0874461
889,0.0816465
890,0.0837934
891,0.11351572
892,0.09382124
893,0.090069495
894,0.13723168
895,0.10555017
896,0.10089308
897,0.11296139
898,0.08824114
899,0.087660484
900,1.3004882
901,0.58929926
902,0.288263
903,1.5953385
904,0.6666515
905,0.32576033
906,1.0192978
907,0.47954348
908,0.2676987
909,0.6463269
910,0.38265574
911,0.18854384
912,0.14285418
913,0.12469816
914,0.12638451
915,0.3881055
916,0.26496905
917,0.1497216
918,0.12980534
919,0.13344014
920,0.18392956
921,0.09264434
922,0.081382535
923,0.07546929
924,0.062307395
925,0.05832788
926,0.09350027
927,0.99468535
928,0.8647541
929,0.74506646
930,1.0880831
931,0.87600875
932,0.80421007
933,0.7322214
934,0.56123257
935,0.5284059
936,0.50643605
937,0.46476537
938,0.42677164
939,0.3398831
940,0.2658348
941,0.23960705
942,0.21455503
943,0.20017157
944,0.20150177
945,0.07383894
946,0.07227795
947,0.07796886
948,0.03679798
949,0.035968967
950,0.035808973
951,0.03300412
952,0.029771188
953,0.038320385
954,0.36665088
955,0.30903655
956,0.23105009
957,0.27253678
958,0.25516692
959,0.20805638
960,0.2218715
961,0.19621307
962,0.18076986
963,0.20979998
964,0.18273115
965,0.140353
966,0.10703757
967,0.073561005
968,0.07022409
969,0.07455256
970,0.06770875
971,0.068723045
972,0.20213728
973,0.20346464
974,0.27795598
975,0.18775497
976,0.120741785
977,0.12716435
978,0.10208463
979,0.105557926
980,0.1483977
981,1.2953013
982,1.2424859
983,1.2688621
984,1.439499
985,1.2484233
986,1.239285
987,1.1506758
988,0.92869073
989,0.74145675
990,0.6947753
991,0.6847329
992,0.66205096
993,0.43631423
994,0.35139704
995,0.3209666
996,0.26846758
997,0.26533005
998,0.2894873
999,0.092096955
1000,0.08890947
1001,0.09256905
1002,0.04177863
1003,0.04229118
1004,0.04002989
1005,0.0416734
1006,0.039432347
1007,0.043566484
1008,0.27697694
1009,0.22681682
1010,0.2289013
1011,0.26267827
1012,0.21504731
1013,0.17670752
1014,0.21062243
1015,0.19377218
1016,0.17614962
1017,0.17059611
1018,0.15909867
1019,0.14528818
1020,0.11219451
1021,0.08582792
1022,0.086249985
1023,0.096275374
1024,0.08852149
1025,0.08673695
1026,0.11135497
1027,0.11291709
1028,0.10733307
1029,0.0513525
1030,0.047991455
1031,0.047205575
1032,0.042635106
1033,0.03991421
1034,0.054252714
1035,1.141935
1036,0.69226444
1037,0.55000526
1038,1.0392866
1039,0.8147384
1040,0.61739296
1041,0.4131662
1042,0.3443851
1043,0.26259342
1044,0.35504615
1045,0.2858575
1046,0.24298027
1047,0.1285735
1048,0.11292066
1049,0.09808988
1050,0.12013747
1051,0.09681845
1052,0.08769898
1053,0.056346115
1054,0.057730794
1055,0.07159586
1056,0.036736894
1057,0.033039488
1058,0.033360604
1059,0.029882431
1060,0.027703786
1061,0.04044041
1062,0.31897032
1063,0.31942964
1064,0.23940288
1065,0.24011953
1066,0.23153763
1067,0.20925772
1068,0.18251972
1069,0.1746138
1070,0.14956118
1071,0.17971173
1072,0.16538037
1073,0.14757138
1074,0.10583469
1075,0.077191904
1076,0.06312502
1077,0.062103532
1078,0.058307793
1079,0.057167605
1080,0.072164565
1081,0.07123794
1082,0.06767049
1083,0.04294238
1084,0.04218
1085,0.044031743
1086,0.03652709
1087,0.034858946
1088,0.05060339
1089,0.3429733
1090,0.29345474
1091,0.2608434
1092,0.32300782
1093,0.29509178
1094,0.23034784
1095,0.23193097
1096,0.20470242
1097,0.14696148
1098,0.19634263
1099,0.18744586
1100,0.14653853
1101,0.10861714
1102,0.08117749
1103,0.08718678
1104,0.09319984
1105,0.08949854
1106,0.090489104
1107,0.1811955
1108,0.17570598
1109,0.26358783
1110,0.2450529
1111,0.19110319
1112,0.13789299
1113,0.09999271
1114,0.09914888
1115,0.1825464
1116,1.2475091
1117,1.2245036
1118,1.1142365
1119,1.1372348
1120,1.0568165
1121,0.894076
1122,0.8325041
1123,0.8196415
1124,0.66320276
1125,0.7194446
1126,0.700541
1127,0.62187105
1128,0.45886752
1129,0.3710117
1130,0.3070312
1131,0.2571233
1132,0.24817309
1133,0.25745913
1134,0.16098578
1135,0.14186959
1136,0.17745017
1137,0.11535106
1138,0.110985294
1139,0.112126864
1140,0.102416046
1141,0.08589598
1142,0.11293059
1143,0.86538494
1144,0.7904062
1145,0.5847017
1146,0.87984324
1147,0.7595672
1148,0.6696011
1149,0.810938
1150,0.6764229
1151,0.57775533
1152,0.58162105
1153,0.5620531
1154,0.4543175
1155,0.31192008
1156,0.2294863
1157,0.21362203
1158,0.27488557
1159,0.26617935
1160,0.22710687
1161,0.06790041
1162,0.06508794
1163,0.06556674
1164,0.054502413
1165,0.05101144
1166,0.05092906
1167,0.045988314
1168,0.043187145
1169,0.05114374
1170,0.2178963
1171,0.17973009
1172,0.1684569
1173,0.21531415
1174,0.18949565
1175,0.17154679
1176,0.19293284
1177,0.16851427
1178,0.14208567
1179,0.14380036
1180,0.13706645
1181,0.13037114
1182,0.10515027
1183,0.07821335
1184,0.07465264
1185,0.07138793
1186,0.071391456
1187,0.06818582
1188,0.12240992
1189,0.11598654
1190,0.13624258
1191,0.07908295
1192,0.07549436
1193,0.06808849
1194,0.05388124
1195,0.049669843
1196,0.08577784
1197,0.8181844
1198,0.7204257
1199,0.5280744
1200,0.87576556
1201,0.6759414
1202,0.51472336
1203,0.5069804
1204,0.42438096
1205,0.38717195
1206,0.51833266
1207,0.39437833
1208,0.31795853
1209,0.23040472
1210,0.19777253
1211,0.17921859
1212,0.19422635
1213,0.17422286
1214,0.1702945
1215,0.10905002
1216,0.10936637
1217,0.1020102
1218,0.09060492
1219,0.095752634
1220,0.08382107
1221,0.082037635
1222,0.07357824
1223,0.09148021
1224,0.4985342
1225,0.44754136
1226,0.3595529
1227,0.49037054
1228,0.4184813
1229,0.3439226
1230,0.41085386
1231,0.3718141
1232,0.25773042
1233,0.32716784
1234,0.31507125
1235,0.18208171
1236,0.13947436
1237,0.10061384
1238,0.10390311
1239,0.14154968
1240,0.13204703
1241,0.11016559
1242,0.12436051
1243,0.13043681
1244,0.18859605
1245,0.15381111
1246,0.12400668
1247,0.10603348
1248,0.122201346
1249,0.1226166
1250,0.16548574
1251,0.9471146
1252,0.99393874
1253,0.8811681
1254,0.86723894
1255,0.8225935
1256,0.7182447
1257,0.6729242
1258,0.6847342
1259,0.5197348
1260,0.5235385
1261,0.5031474
1262,0.4924427
1263,0.36800462
1264,0.26871082
1265,0.2656516
1266,0.2546834
1267,0.24659477
1268,0.23987785
1269,0.08376878
1270,0.0818101
1271,0.09141805
1272,0.048576977
1273,0.04426874
1274,0.043485932
1275,0.03628866
1276,0.033775397
1277,0.04931791
1278,0.357649
1279,0.29568025
1280,0.2620526
1281,0.35823855
1282,0.31908703
1283,0.24489595
1284,0.2421624
1285,0.22883765
1286,0.17909244
1287,0.2096728
1288,0.19325969
1289,0.1630637
1290,0.12921515
1291,0.111786775
1292,0.08718407
1293,0.0997915
1294,0.0932499
1295,0.084508516
1296,0.08619616
1297,0.08343414
1298,0.065841764
1299,0.046519905
1300,0.04406372
1301,0.044150136
1302,0.03865515
1303,0.037718702
1304,0.0497601
1305,0.3807343
1306,0.35845742
1307,0.23628849
1308,0.359485
1309,0.2983041
1310,0.17971136
1311,0.23276618
1312,0.22060907
1313,0.15042603
1314,0.23772205
1315,0.21733491
1316,0.13791747
1317,0.09974258
1318,0.07855906
1319,0.079656675
1320,0.093357004
1321,0.08138291
1322,0.078075424
1323,0.058421306
1324,0.06457612
1325,0.053649217
1326,0.03767039
1327,0.036986347
1328,0.034592588
1329,0.028195057
1330,0.026041808
1331,0.031232104
1332,0.31033096
1333,0.26889706
1334,0.20173673
1335,0.31240764
1336,0.29509118
1337,0.22690593
1338,0.18439955
1339,0.21188462
1340,0.12879367
1341,0.13687979
1342,0.13642372
1343,0.1043492
1344,0.087872386
1345,0.073208645
1346,0.05161851
1347,0.054413274
1348,0.058999836
1349,0.049029768
1350,0.16872202
1351,0.20028017
1352,0.23972699
1353,0.12408013
1354,0.1336535
1355,0.12443791
1356,0.106626555
1357,0.09634643
1358,0.16610815
1359,1.2926495
1360,1.1920644
1361,0.91271716
1362,1.1529813
1363,1.0688282
1364,0.8913895
1365,0.6848784
1366,0.67818016
1367,0.55760413
1368,0.6938449
1369,0.68937993
1370,0.5821456
1371,0.416139
1372,0.28962937
1373,0.25092176
1374,0.24201234
1375,0.23679167
1376,0.23525111
1377,0.09475114
1378,0.09507519
1379,0.112753205
1380,0.05498236
1381,0.057330713
1382,0.053536154
1383,0.046954352
1384,0.046242878
1385,0.07116715
1386,0.37590858
1387,0.35779923
1388,0.31348723
1389,0.39794773
1390,0.35157675
1391,0.30528852
1392,0.3088181
1393,0.2929517
1394,0.2636344
1395,0.26990494
1396,0.26171023
1397,0.20786647
1398,0.17288193
1399,0.12757194
1400,0.11952532
1401,0.13548513
1402,0.12738085
1403,0.118868485
1404,0.2120792
1405,0.21618903
1406,0.29087842
1407,0.20465939
1408,0.19142357
1409,0.16941448
1410,0.13442425
1411,0.13358253
1412,0.21033488
1413,1.5737675
1414,1.38613
1415,1.2835749
1416,1.403442
1417,1.3782943
1418,1.2753559
1419,1.2388707
1420,1.1389415
1421,1.0420097
1422,0.9757129
1423,0.9652742
1424,0.75188136
1425,0.61290115
1426,0.42803803
1427,0.41514313
1428,0.3761598
1429,0.38396278
1430,0.38892207
1431,0.09475484
1432,0.09439284
1433,0.112090126
1434,0.06949871
1435,0.053816658
1436,0.054224256
1437,0.04565777
1438,0.04359882
1439,0.06670867
1440,0.5009724
1441,0.47380185
1442,0.33600923
1443,0.39277747
1444,0.34349936
1445,0.31228375
1446,0.314486
1447,0.31946918
1448,0.254966
1449,0.2561894
1450,0.2256978
1451,0.19573125
1452,0.15267141
1453,0.11391539
1454,0.110710114
1455,0.10361729
1456,0.10188304
1457,0.09505092
1458,0.12685436
1459,0.121547736
1460,0.15880226
1461,0.0762084
1462,0.06473383
1463,0.060962003
1464,0.048176236
1465,0.04823221
1466,0.06534994
1467,0.8450722
1468,0.6174877
1469,0.4478354
1470,1.6529253
1471,0.82116383
1472,0.49197352
1473,0.5200418
1474,0.41510606
1475,0.31855005
1476,0.40012297
1477,0.33457375
1478,0.2596963
1479,0.16880976
1480,0.15366675
1481,0.12575397
1482,0.16957757
1483,0.13807969
1484,0.121943206
1485,0.10651512
1486,0.09993667
1487,0.09041605
1488,0.057068083
1489,0.052974466
1490,0.04867432
1491,0.052614253
1492,0.048701223
1493,0.052969173
1494,0.61368865
1495,0.3600141
1496,0.21287403
1497,0.65790033
1498,0.38705066
1499,0.23926735
1500,0.38333806
1501,0.30830392
1502,0.17817678
1503,0.27313665
1504,0.2190831
1505,0.15514816
1506,0.110093616
1507,0.099822104
1508,0.076372914
1509,0.13745888
1510,0.108197294
1511,0.0733136
1512,0.12850046
1513,0.12932777
1514,0.14157152
1515,0.122255914
1516,0.1095992
1517,0.09530395
1518,0.09026633
1519,0.08355661
1520,0.102671005
1521,0.582824
1522,0.45150104
1523,0.38090572
1524,0.5705638
1525,0.46573284
1526,0.40072194
1527,0.5395125
1528,0.48495445
1529,0.37300408
1530,0.2985648
1531,0.2519872
1532,0.2027128
1533,0.15003563
1534,0.15004279
1535,0.15760666
1536,0.18883964
1537,0.18245168
1538,0.17294814
1539,0.11705563
1540,0.108588316
1541,0.09557701
1542,0.07015482
1543,0.06757187
1544,0.05289334
1545,0.05679673
1546,0.053977627
1547,0.064825125
1548,0.501487
1549,0.4736833
1550,0.324867
1551,0.5216648
1552,0.42934448
1553,0.33647168
1554,0.43235216
1555,0.40461925
1556,0.28748286
1557,0.37549508
1558,0.33283943
1559,0.22424425
1560,0.13867442
1561,0.11746033
1562,0.11243912
1563,0.18301195
1564,0.16301428
1565,0.119599365
1566,0.116119094
1567,0.12292925
1568,0.1368439
1569,0.07126564
1570,0.07653016
1571,0.06291937
1572,0.058101416
1573,0.05266463
1574,0.08203624
1575,0.7029423
1576,0.50339115
1577,0.4040775
1578,0.6142792
1579,0.4864356
1580,0.3815912
1581,0.55533046
1582,0.38738817
1583,0.3368674
1584,0.3354755
1585,0.30018678
1586,0.22490726
1587,0.17022471
1588,0.13508092
1589,0.13456403
1590,0.16648781
1591,0.14569305
1592,0.14132832
1593,0.10980975
1594,0.10861773
1595,0.07544703
1596,0.052667625
1597,0.046966255
1598,0.047550716
1599,0.0550267
1600,0.05288788
1601,0.04416032
1602,0.6137635
1603,0.3785146
1604,0.17660558
1605,1.438573
1606,0.45869634
1607,0.20978107
1608,0.57908565
1609,0.47066674
1610,0.19221523
1611,0.35818
1612,0.3010492
1613,0.129459
1614,0.10119656
1615,0.08853256
1616,0.08707458
1617,0.2806547
1618,0.1822978
1619,0.09380349
1620,0.086686574
1621,0.08671599
1622,0.09048785
1623,0.042016204
1624,0.04043738
1625,0.037316788
1626,0.034291174
1627,0.03102943
1628,0.038915787
1629,0.35735735
1630,0.29221633
1631,0.23427314
1632,0.3467968
1633,0.2997291
1634,0.25088432
1635,0.22562025
1636,0.2096897
1637,0.1707548
1638,0.2824945
1639,0.25098687
1640,0.16203739
1641,0.1251462
1642,0.09458863
1643,0.081740394
1644,0.086755805
1645,0.07809223
1646,0.059726655
1647,0.09362076
1648,0.093505196
1649,0.11229348
1650,0.10594092
1651,0.10306042
1652,0.09871999
1653,0.07139227
1654,0.07827302
1655,0.10656693
1656,0.36105368
1657,0.35103053
1658,0.33494344
1659,0.3622104
1660,0.34018162
1661,0.3118094
1662,0.3261177
1663,0.28839102
1664,0.26927015
1665,0.27344552
1666,0.2617349
1667,0.23178934
1668,0.2067515
1669,0.16066623
1670,0.15345469
1671,0.15073167
1672,0.13747707
1673,0.13810135
1674,0.11675867
1675,0.1149914
1676,0.13028075
1677,0.056267306
1678,0.058280434
1679,0.05749325
1680,0.053756837
1681,0.049791787
1682,0.07852875
1683,0.5449256
1684,0.5018755
1685,0.44172916
1686,0.5072716
1687,0.466099
1688,0.42188835
1689,0.34470332
1690,0.3704017
1691,0.3491951
1692,0.4292639
1693,0.4290803
1694,0.31908825
1695,0.1876621
1696,0.14471795
1697,0.1392897
1698,0.13717546
1699,0.13320473
1700,0.13318454
1701,0.103645526
1702,0.10504848
1703,0.12080748
1704,0.0819293
1705,0.09209364
1706,0.08733036
1707,0.07141598
1708,0.08829626
1709,0.10361
1710,0.47911945
1711,0.40474096
1712,0.37732378
1713,0.43106386
1714,0.38592044
1715,0.38169757
1716,0.36815438
1717,0.35684827
1718,0.35030577
1719,0.34519225
1720,0.34447047
1721,0.32760134
1722,0.21936662
1723,0.1781732
1724,0.13029778
1725,0.12037933
1726,0.12377654
1727,0.120937645
1728,0.12638223
1729,0.12751412
1730,0.12779012
1731,0.07463505
1732,0.06465679
1733,0.06805775
1734,0.054176826
1735,0.04625414
1736,0.07511957
1737,0.9579484
1738,0.6623693
1739,0.548163
1740,0.95685893
1741,0.82045454
1742,0.6107706
1743,0.6150719
1744,0.56679237
1745,0.36805734
1746,0.47947097
1747,0.38491988
1748,0.3061243
1749,0.19918717
1750,0.13933766
1751,0.12998505
1752,0.15226912
1753,0.14198391
1754,0.13049763
1755,0.099259995
1756,0.091725655
1757,0.08811759
1758,0.057781376
1759,0.049032494
1760,0.042701762
1761,0.0422838
1762,0.036982354
1763,0.04925205
1764,1.1216984
1765,0.59560204
1766,0.39914462
1767,1.4226108
1768,1.1120858
1769,0.49039724
1770,0.5602997
1771,0.4416906
1772,0.34588587
1773,0.4254292
1774,0.3628418
1775,0.22350009
1776,0.12929995
1777,0.12448331
1778,0.090128966
1779,0.13569076
1780,0.10661135
1781,0.07783868
1782,0.12983805
1783,0.12908237
1784,0.14483118
1785,0.12681195
1786,0.12880975
1787,0.13696036
1788,0.08302385
1789,0.07412527
1790,0.11111357
1791,0.98404133
1792,0.8583202
1793,0.66514397
1794,0.9385917
1795,0.76558596
1796,0.58747
1797,0.6660996
1798,0.48363206
1799,0.4018094
1800,0.42563763
1801,0.35913068
1802,0.3216592
1803,0.24839503
1804,0.1930995
1805,0.17374654
1806,0.19923416
1807,0.14966077
1808,0.14652291
1809,0.09319145
1810,0.091603205
1811,0.082397215
1812,0.04862632
1813,0.04918578
1814,0.044247776
1815,0.043677036
1816,0.041282117
1817,0.05418345
1818,1.1385607
1819,0.6720837
1820,0.32495734
1821,0.9863944
1822,0.5514874
1823,0.34295353
1824,0.51253325
1825,0.3633819
1826,0.24839105
1827,0.36159295
1828,0.3446981
1829,0.19677392
1830,0.13038854
1831,0.11042498
1832,0.10570576
1833,0.12913641
1834,0.10991001
1835,0.1009618
1836,0.11119842
1837,0.11283389
1838,0.12713414
1839,0.07403428
1840,0.07183081
1841,0.055846218
1842,0.044879954
1843,0.04363122
1844,0.06510782
1845,0.44435233
1846,0.4868313
1847,0.33058926
1848,0.37395796
1849,0.33833537
1850,0.28563902
1851,0.28717208
1852,0.26580277
1853,0.21688505
1854,0.3116107
1855,0.31017035
1856,0.2785642
1857,0.21521837
1858,0.14348632
1859,0.08754871
1860,0.102135554
1861,0.109967425
1862,0.08626413
1863,0.15647878
1864,0.1428017
1865,0.13212675
1866,0.07836798
1867,0.07339936
1868,0.065031
1869,0.06633643
1870,0.06683994
1871,0.06802662
1872,0.9718929
1873,0.5557693
1874,0.3509007
1875,1.7946049
1876,0.69009846
1877,0.41711098
1878,0.8003753
1879,0.5843964
1880,0.38079342
1881,0.6067459
1882,0.45613897
1883,0.31692612
1884,0.17165653
1885,0.11238526
1886,0.1122663
1887,0.21394375
1888,0.17494781
1889,0.12076941
1890,0.090581045
1891,0.09174919
1892,0.11151951
1893,0.06694996
1894,0.065837204
1895,0.055229865
1896,0.055123005
1897,0.053084623
1898,0.06638317
1899,0.45739558
1900,0.3867919
1901,0.28238106
1902,0.57844967
1903,0.46037242
1904,0.3483785
1905,0.50173557
1906,0.3995082
1907,0.29101193
1908,0.3279998
1909,0.26966214
1910,0.22967297
1911,0.14698677
1912,0.10634951
1913,0.10638482
1914,0.12981695
1915,0.114900246
1916,0.10372758
1917,0.14335209
1918,0.14459483
1919,0.16788185
1920,0.11995961
1921,0.13150804
1922,0.114589766
1923,0.10457002
1924,0.089352064
1925,0.14957082
1926,0.8331336
1927,0.781893
1928,0.6236093
1929,0.7601929
1930,0.6451103
1931,0.63543993
1932,0.61559415
1933,0.6094604
1934,0.46774074
1935,0.5115394
1936,0.5029894
1937,0.42527607
1938,0.3237108
1939,0.25026166
1940,0.23236488
1941,0.27001846
1942,0.2413168
1943,0.21575354
1944,0.1047893
1945,0.10151834
1946,0.13229847
1947,0.07278613
1948,0.056505766
1949,0.06416825
1950,0.060634
1951,0.05586246
1952,0.08088022
1953,0.41569468
1954,0.39988446
1955,0.38128084
1956,0.40693483
1957,0.37764737
1958,0.35201064
1959,0.3744275
1960,0.35854396
1961,0.31393614
1962,0.31705153
1963,0.28214327
1964,0.25671798
1965,0.20019534
1966,0.14325108
1967,0.13138892
1968,0.115368314
1969,0.11304554
1970,0.119611174
1971,0.18368699
1972,0.19787475
1973,0.27646345
1974,0.15254225
1975,0.16029623
1976,0.13120128
1977,0.110356346
1978,0.1082203
1979,0.16584787
1980,1.1634377
1981,1.0683627
1982,0.94547254
1983,1.2665178
1984,1.1195409
1985,0.8808555
1986,0.9655313
1987,0.90233344
1988,0.75659275
1989,0.6480028
1990,0.67849207
1991,0.6082511
1992,0.43905896
1993,0.33533528
1994,0.33150283
1995,0.35615256
1996,0.3320192
1997,0.3359404
1998,0.13353384
1999,0.1474285
2000,0.14959615
2001,0.12674588
2002,0.117092244
2003,0.1092373
2004,0.084918305
2005,0.08356529
2006,0.111087546
2007,1.5869715
2008,1.2627594
2009,1.3283185
2010,1.9591335
2011,1.893344
2012,1.5869642
2013,1.3952558
2014,1.0783969
2015,0.80692464
2016,0.5394272
2017,0.45494026
2018,0.3556172
2019,0.29549602
2020,0.22456728
2021,0.2027119
2022,0.21899427
2023,0.19677608
2024,0.18793838
2025,0.122557
2026,0.11974715
2027,0.1414096
2028,0.08178403
2029,0.0745094
2030,0.070695266
2031,0.06010938
2032,0.05806584
2033,0.097191766
2034,1.1001921
2035,0.6167223
2036,0.5742051
2037,1.0582054
2038,0.7471943
2039,0.62156147
2040,0.6216987
2041,0.46791422
2042,0.39897066
2043,0.4029789
2044,0.37925866
2045,0.33991033
2046,0.25858176
2047,0.227123
2048,0.18917012
2049,0.19277635
2050,0.21530068
2051,0.17867975
2052,0.09799523
2053,0.099188924
2054,0.111429594
2055,0.04153247
2056,0.045241803
2057,0.046045292
2058,0.042576317
2059,0.042376846
2060,0.059207365
2061,0.36542463
2062,0.33529684
2063,0.29238212
2064,0.3740701
2065,0.33619192
2066,0.27424794
2067,0.3078867
2068,0.27978274
2069,0.23779927
2070,0.25713676
2071,0.24251848
2072,0.17730926
2073,0.12321319
2074,0.08948887
2075,0.08767194
2076,0.09380124
2077,0.084392935
2078,0.08589846
2079,0.08255438
2080,0.08262053
2081,0.098344155
2082,0.05657252
2083,0.058860246
2084,0.056848597
2085,0.056539
2086,0.060596548
2087,0.059330553
2088,0.32057846
2089,0.29231483
2090,0.27409923
2091,0.29548278
2092,0.2765825
2093,0.26190522
2094,0.2262826
2095,0.21624099
2096,0.1913504
2097,0.21001986
2098,0.21829745
2099,0.18830179
2100,0.17856903
2101,0.13470511
2102,0.11426508
2103,0.09361883
2104,0.11208289
2105,0.11319148
2106,0.09955245
2107,0.10180996
2108,0.13567244
2109,0.13277406
2110,0.12781538
2111,0.115351714
2112,0.07651129
2113,0.07484047
2114,0.12560079
2115,0.8374093
2116,0.83816844
2117,0.7686353
2118,0.7707267
2119,0.75475603
2120,0.63115853
2121,0.48722377
2122,0.5137731
2123,0.4312469
2124,0.42608613
2125,0.43339404
2126,0.31999767
2127,0.2660227
2128,0.20516306
2129,0.20015204
2130,0.17770474
2131,0.17602906
2132,0.17838398
2133,0.13668421
2134,0.13738856
2135,0.15580305
2136,0.07657958
2137,0.07007994
2138,0.06627311
2139,0.059975855
2140,0.055218555
2141,0.08368216
2142,0.6053526
2143,0.4416724
2144,0.38756427
2145,0.60506237
2146,0.44195652
2147,0.36938518
2148,0.5501945
2149,0.3867467
2150,0.339828
2151,0.34779808
2152,0.271031
2153,0.22618388
2154,0.1696925
2155,0.14381431
2156,0.14491704
2157,0.19072704
2158,0.1628956
2159,0.15162657
2160,0.094136566
2161,0.094362594
2162,0.113349095
2163,0.06569318
2164,0.050478324
2165,0.05700419
2166,0.04338708
2167,0.040760897
2168,0.06004231
2169,0.66873085
2170,0.55209863
2171,0.46767718
2172,0.664035
2173,0.5899975
2174,0.5222819
2175,0.32233393
2176,0.2896848
2177,0.22317141
2178,0.32230255
2179,0.31755394
2180,0.25610203
2181,0.19446132
2182,0.1592418
2183,0.102965
2184,0.09643051
2185,0.094619155
2186,0.09578347
2187,0.07023517
2188,0.07389194
2189,0.07827148
2190,0.041533504
2191,0.04353103
2192,0.04236284
2193,0.03750853
2194,0.03618977
2195,0.04787299
2196,0.37160945
2197,0.34822303
2198,0.28914025
2199,0.3174827
2200,0.28249058
2201,0.25717303
2202,0.1952905
2203,0.18660629
2204,0.1702688
2205,0.22839354
2206,0.22473127
2207,0.18053539
2208,0.15495984
2209,0.091917045
2210,0.07070942
2211,0.07225747
2212,0.06612903
2213,0.063770264
2214,0.10730762
2215,0.10850196
2216,0.113054045
2217,0.071360305
2218,0.08274715
2219,0.07519465
2220,0.063078836
2221,0.06356773
2222,0.07738137
2223,0.4748054
2224,0.3976906
2225,0.35998604
2226,0.45291457
2227,0.38181204
2228,0.32372183
2229,0.36193943
2230,0.3234104
2231,0.279329
2232,0.28387868
2233,0.29035577
2234,0.20541638
2235,0.16362882
2236,0.11194963
2237,0.11192561
2238,0.124364294
2239,0.13050276
2240,0.12160027
2241,0.09311334
2242,0.09376249
2243,0.10152915
2244,0.0902529
2245,0.09678348
2246,0.08158325
2247,0.055920683
2248,0.03283136
2249,0.07505393
2250,0.48627537
2251,0.45404422
2252,0.39360625
2253,0.49970576
2254,0.5051409
2255,0.40598732
2256,0.42607173
2257,0.35129791
2258,0.30440414
2259,0.29049486
2260,0.2764712
2261,0.28389776
2262,0.22772783
2263,0.17169216
2264,0.1349176
2265,0.17483827
2266,0.16262035
2267,0.14207944
2268,0.23243219
2269,0.20875926
2270,0.31350005
2271,0.21728194
2272,0.15696977
2273,0.18179032
2274,0.13155976
2275,0.12906274
2276,0.17362028
2277,2.3261054
2278,1.6667908
2279,1.4351847
2280,3.83143
2281,2.7053862
2282,2.2118526
2283,1.8492652
2284,1.7253058
2285,1.3846791
2286,0.8767819
2287,0.7479779
2288,0.6184579
2289,0.51557297
2290,0.4869769
2291,0.35655633
2292,0.33828157
2293,0.32009298
2294,0.33701727
2295,0.18804884
2296,0.18525648
2297,0.15896992
2298,0.15224612
2299,0.15595466
2300,0.12433065
2301,0.14006934
2302,0.13335319
2303,0.13374239
2304,1.2497226
2305,1.0105081
2306,0.5529256
2307,1.1414958
2308,1.059207
2309,0.59755564
2310,1.0595033
2311,0.86317
2312,0.5429853
2313,0.7105523
2314,0.6311894
2315,0.39769757
2316,0.2591164
2317,0.20820017
2318,0.2141232
2319,0.36401126
2320,0.296326
2321,0.23873672
2322,0.14084716
2323,0.14215317
2324,0.12844831
2325,0.10942305
2326,0.09747703
2327,0.091345534
2328,0.07115442
2329,0.071200006
2330,0.092549674
2331,0.81009
2332,0.6940317
2333,0.45490023
2334,0.76082087
2335,0.73951423
2336,0.4972856
2337,0.5099097
2338,0.45273444
2339,0.32800105
2340,0.43077797
2341,0.35688272
2342,0.24977799
2343,0.19683127
2344,0.1632928
2345,0.13462387
2346,0.19335476
2347,0.18812376
2348,0.14249033
2349,0.20210813
2350,0.19997656
2351,0.23484477
2352,0.18687224
2353,0.15907165
2354,0.15465385
2355,0.13699995
2356,0.1521595
2357,0.16793346
2358,2.3680005
2359,1.7948338
2360,0.9824402
2361,2.4355557
2362,1.812754
2363,1.0088061
2364,1.3916587
2365,1.1225271
2366,0.8661772
2367,1.0576948
2368,0.9495076
2369,0.6150661
2370,0.43139493
2371,0.29574192
2372,0.29698366
2373,0.365413
2374,0.28052393
2375,0.30157605
2376,0.14342219
2377,0.14120857
2378,0.14730257
2379,0.117407925
2380,0.12752631
2381,0.11054586
2382,0.1037276
2383,0.09144993
2384,0.12902197
2385,0.89045125
2386,0.6680031
2387,0.50197774
2388,0.9614315
2389,0.75896186
2390,0.51438516
2391,0.7630682
2392,0.57832175
2393,0.4295726
2394,0.53982484
2395,0.46574125
2396,0.34185976
2397,0.21295363
2398,0.18942735
2399,0.18203206
2400,0.32371485
2401,0.24023075
2402,0.19869721
2403,0.2674477
2404,0.23701566
2405,0.19533646
2406,0.23462677
2407,0.21105467
2408,0.16290998
2409,0.18042657
2410,0.18426171
2411,0.14305837
2412,1.8517814
2413,1.3923768
2414,1.1293224
2415,1.6949414
2416,1.3302183
2417,0.82047516
2418,1.4072343
2419,1.1168565
2420,0.60329455
2421,0.90717494
2422,0.7951537
2423,0.55595636
2424,0.420497
2425,0.35033578
2426,0.26007578
2427,0.41934642
2428,0.41960254
2429,0.27192277
2430,0.16818772
2431,0.16984001
2432,0.2129691
2433,0.1688852
2434,0.17654409
2435,0.16131479
2436,0.13275878
2437,0.12159038
2438,0.1995746
2439,1.2952337
2440,1.2541966
2441,1.1338394
2442,1.397724
2443,1.3181638
2444,1.2203283
2445,1.2421733
2446,1.1454054
2447,0.85461575
2448,0.6917205
2449,0.6720125
2450,0.5692866
2451,0.4448025
2452,0.3412273
2453,0.3343509
2454,0.3599171
2455,0.3314875
2456,0.33479166
2457,0.26358646
2458,0.2642366
2459,0.36808595
2460,0.26861376
2461,0.21714203
2462,0.17708407
2463,0.14324403
2464,0.1313749
2465,0.254497
2466,2.3436599
2467,2.2040439
2468,1.8394051
2469,2.7302253
2470,2.3670716
2471,1.9596502
2472,1.8550506
2473,1.6441838
2474,1.3125204
2475,1.1800339
2476,1.159196
2477,0.85456365
2478,0.5875218
2479,0.49553204
2480,0.45820224
2481,0.46043304
2482,0.4390021
2483,0.44964096
2484,0.06238768
2485,0.0619951
2486,0.07358612
2487,0.03766539
2488,0.03545366
2489,0.03388325
2490,0.030898325
2491,0.028298646
2492,0.03476284
2493,0.27637106
2494,0.25106698
2495,0.20050585
2496,0.24999064
2497,0.22767425
2498,0.17043804
2499,0.16570419
2500,0.15780352
2501,0.1205588
2502,0.13545422
2503,0.13272022
2504,0.11299224
2505,0.09330078
2506,0.0716602
2507,0.059918575
2508,0.06689209
2509,0.063101515
2510,0.057139147
2511,0.11443736
2512,0.11130276
2513,0.11018411
2514,0.049867686
2515,0.05241064
2516,0.04895922
2517,0.05044826
2518,0.04786111
2519,0.050665505
2520,0.46230656
2521,0.38956508
2522,0.27140746
2523,0.43028873
2524,0.33565155
2525,0.25241417
2526,0.3372974
2527,0.293596
2528,0.2446671
2529,0.29554784
2530,0.28076288
2531,0.21590658
2532,0.14230804
2533,0.095639996
2534,0.09423122
2535,0.10768887
2536,0.10225666
2537,0.09434508
2538,0.08829989
2539,0.086197324
2540,0.096710294
2541,0.056720965
2542,0.049249522
2543,0.057609834
2544,0.044622738
2545,0.046015162
2546,0.07088938
2547,0.42693698
2548,0.4343379
2549,0.42387503
2550,0.43301612
2551,0.4435147
2552,0.4015279
2553,0.33378884
2554,0.3359356
2555,0.29542378
2556,0.23935662
2557,0.22010973
2558,0.20163912
2559,0.16180992
2560,0.17568666
2561,0.13968176
2562,0.122011654
2563,0.12529425
2564,0.13362785
2565,0.26437598
2566,0.26001325
2567,0.22996654
2568,0.22647314
2569,0.18323152
2570,0.13827868
2571,0.11732811
2572,0.10304243
2573,0.13983597
2574,2.2819145
2575,1.4906871
2576,0.8685009
2577,2.6380439
2578,1.3826982
2579,0.83373
2580,1.5060135
2581,0.87896854
2582,0.5835571
2583,1.1653385
2584,0.8399672
2585,0.5423845
2586,0.38806126
2587,0.26298946
2588,0.26822513
2589,0.382062
2590,0.33674225
2591,0.28640467
2592,0.07492962
2593,0.075645
2594,0.08195459
2595,0.0556358
2596,0.060070645
2597,0.06338014
2598,0.044056706
2599,0.04218589
2600,0.06064972
2601,0.34589878
2602,0.29748908
2603,0.27980378
2604,0.3268003
2605,0.29317436
2606,0.2593423
2607,0.2572264
2608,0.24082924
2609,0.17865613
2610,0.19833528
2611,0.18282247
2612,0.1598186
2613,0.12945457
2614,0.10890375
2615,0.10156483
2616,0.10196062
2617,0.09455397
2618,0.09430283
2619,0.11355175
2620,0.10998345
2621,0.10167345
2622,0.097620964
2623,0.084788516
2624,0.082019955
2625,0.07131196
2626,0.061665617
2627,0.079237215
2628,0.6138074
2629,0.4633813
2630,0.27586177
2631,0.6193197
2632,0.490653
2633,0.29057807
2634,0.51440716
2635,0.38055202
2636,0.24683549
2637,0.3085553
2638,0.25671864
2639,0.17456873
2640,0.117755756
2641,0.1039772
2642,0.10727066
2643,0.24098504
2644,0.17765291
2645,0.11565163
2646,0.09595019
2647,0.095650494
2648,0.072374895
2649,0.047067363
2650,0.046991974
2651,0.04029272
2652,0.040361125
2653,0.038699605
2654,0.046305586
2655,0.48507667
2656,0.3627376
2657,0.23570225
2658,0.3648597
2659,0.30701134
2660,0.19302328
2661,0.31702015
2662,0.2778972
2663,0.1895214
2664,0.30908516
2665,0.25413412
2666,0.16455108
2667,0.11084746
2668,0.07650427
2669,0.07232854
2670,0.10451605
2671,0.09507233
2672,0.0763617
2673,0.0890391
2674,0.085804716
2675,0.10164761
2676,0.052557603
2677,0.043985218
2678,0.049581304
2679,0.046561755
2680,0.041272193
2681,0.054267887
2682,0.45599183
2683,0.3931925
2684,0.29344943
2685,0.70056635
2686,0.6173533
2687,0.3077858
2688,0.3725964
2689,0.28260735
2690,0.20884013
2691,0.23268446
2692,0.19662909
2693,0.1708123
2694,0.121048495
2695,0.10971726
2696,0.10002885
2697,0.12115657
2698,0.106485054
2699,0.09619461
2700,0.09506599
2701,0.09296076
2702,0.08184542
2703,0.07620994
2704,0.06912317
2705,0.05967935
2706,0.056203507
2707,0.05246023
2708,0.04950056
2709,0.3122438
2710,0.26283917
2711,0.196622
2712,0.30348876
2713,0.2264411
2714,0.19149536
2715,0.2787631
2716,0.23793007
2717,0.17389932
2718,0.19814746
2719,0.18678766
2720,0.13034008
2721,0.10790248
2722,0.083239816
2723,0.08617091
2724,0.11610193
2725,0.10696822
2726,0.091221005
2727,0.073005155
2728,0.07262816
2729,0.06398666
2730,0.04404439
2731,0.043272395
2732,0.04328116
2733,0.04649866
2734,0.046114895
2735,0.042611856
2736,0.32962713
2737,0.26954153
2738,0.21129291
2739,0.2905364
2740,0.24997771
2741,0.23036951
2742,0.2622296
2743,0.24040782
2744,0.20183666
2745,0.21401078
2746,0.20805211
2747,0.15230013
2748,0.10983251
2749,0.07361164
2750,0.072200954
2751,0.08489019
2752,0.08131509
2753,0.074097976
2754,0.10425383
2755,0.08587194
2756,0.09207467
2757,0.0974087
2758,0.10865862
2759,0.11549461
2760,0.08619313
2761,0.08281951
2762,0.118336484
2763,1.0716761
2764,0.6313943
2765,0.5794451
2766,0.99627435
2767,0.84390914
2768,0.78056234
2769,0.548403
2770,0.37630355
2771,0.30117565
2772,0.35183474
2773,0.30358022
2774,0.26039064
2775,0.24898092
2776,0.23359644
2777,0.17834479
2778,0.1995829
2779,0.16671611
2780,0.15252027
2781,0.13114499
2782,0.13233006
2783,0.15470822
2784,0.09565919
2785,0.10681587
2786,0.100313514
2787,0.085358486
2788,0.07354013
2789,0.10716829
2790,0.6364644
2791,0.6574701
2792,0.52140546
2793,0.6133539
2794,0.60979617
2795,0.5170668
2796,0.5818879
2797,0.43989867
2798,0.39630166
2799,0.40429568
2800,0.37253425
2801,0.30841684
2802,0.20640609
2803,0.15129644
2804,0.15119793
2805,0.17912555
2806,0.1669253
2807,0.1611838
2808,0.081542544
2809,0.08286627
2810,0.08091786
2811,0.04399279
2812,0.042469863
2813,0.04280449
2814,0.03974919
2815,0.03740437
2816,0.04220787
2817,0.39897478
2818,0.3428197
2819,0.2737456
2820,0.34617054
2821,0.30128714
2822,0.22864255
2823,0.25563228
2824,0.2218445
2825,0.16220503
2826,0.22567958
2827,0.21850024
2828,0.14643753
2829,0.09636466
2830,0.07236193
2831,0.07372475
2832,0.0816625
2833,0.07363815
2834,0.07341379
2835,0.0903882
2836,0.0903882
2837,0.1119722
2838,0.06497385
2839,0.06537321
2840,0.059328925
2841,0.052235123
2842,0.05017623
2843,0.074306644
2844,0.3513859
2845,0.32147786
2846,0.3082607
2847,0.34958965
2848,0.30766067
2849,0.2780287
2850,0.32356998
2851,0.28897327
2852,0.2571886
2853,0.25492582
2854,0.23957095
2855,0.23084581
2856,0.18024658
2857,0.13798147
2858,0.13572803
2859,0.1311377
2860,0.12574568
2861,0.12746882
2862,0.09602928
2863,0.0869301
2864,0.07593777
2865,0.059760284
2866,0.053754743
2867,0.05487839
2868,0.04789326
2869,0.043314785
2870,0.045980394
2871,0.75651145
2872,0.48912993
2873,0.2868118
2874,0.69980013
2875,0.46673685
2876,0.30561808
2877,0.37223977
2878,0.26522866
2879,0.19580719
2880,0.2856214
2881,0.24703513
2882,0.15825404
2883,0.11998549
2884,0.09500847
2885,0.083268225
2886,0.12398917
2887,0.098076425
2888,0.07979506
2889,0.072017975
2890,0.07259095
2891,0.081579015
2892,0.05688584
2893,0.05419224
2894,0.054012846
2895,0.045756463
2896,0.042283144
2897,0.06778041
2898,0.21672288
2899,0.2156176
2900,0.17467937
2901,0.20752187
2902,0.17734203
2903,0.16165872
2904,0.18375123
2905,0.16475193
2906,0.15034954
2907,0.16844861
2908,0.16204125
2909,0.13308813
2910,0.09470887
2911,0.068445414
2912,0.06540233
2913,0.07305105
2914,0.065422915
2915,0.06443125
2916,0.08421084
2917,0.08065722
2918,0.06450224
2919,0.038761027
2920,0.035189364
2921,0.031671353
2922,0.0326523
2923,0.030874481
2924,0.039162777
2925,0.36150125
2926,0.28757682
2927,0.19960341
2928,0.31831485
2929,0.2739591
2930,0.18383712
2931,0.22730948
2932,0.19821623
2933,0.13059822
2934,0.21613947
2935,0.20304249
2936,0.12769395
2937,0.10283747
2938,0.078315414
2939,0.06289874
2940,0.08549929
2941,0.06916949
2942,0.06063738
2943,0.13451366
2944,0.13505869
2945,0.17246483
2946,0.09491136
2947,0.076948814
2948,0.07887666
2949,0.08087624
2950,0.081664324
2951,0.10098446
2952,0.8369582
2953,0.6883839
2954,0.6312103
2955,1.8436638
2956,1.3443266
2957,1.2831553
2958,0.857551
2959,0.7672133
2960,0.6086109
2961,0.50372505
2962,0.48242688
2963,0.33483928
2964,0.2631219
2965,0.2745626
2966,0.2101522
2967,0.24200906
2968,0.22567546
2969,0.23314886
2970,0.17519177
2971,0.1633227
2972,0.16388904
2973,0.11329883
2974,0.111982435
2975,0.10112
2976,0.09714297
2977,0.09199959
2978,0.12590282
2979,1.2959757
2980,0.8470845
2981,0.56210977
2982,1.2875974
2983,0.93990827
2984,0.61367655
2985,1.006633
2986,0.8124872
2987,0.4782935
2988,0.62944216
2989,0.45564052
2990,0.32914516
2991,0.21341416
2992,0.2097979
2993,0.20507567
2994,0.37086132
2995,0.34163365
2996,0.22891952
2997,0.113371074
2998,0.11424925
2999,0.16582349
3000,0.08747025
3001,0.07148562
3002,0.07325023
3003,0.06318431
3004,0.06559593
3005,0.09302392
3006,0.62130094
3007,0.60888904
3008,0.57342887
3009,0.50078166
3010,0.46821353
3011,0.4236573
3012,0.3389572
3013,0.32003182
3014,0.25482118
3015,0.36627555
3016,0.37188393
3017,0.36835322
3018,0.32547343
3019,0.17933185
3020,0.13333835
3021,0.11366929
3022,0.11358482
3023,0.12419192
3024,0.14805415
3025,0.14635646
3026,0.16995214
3027,0.11855727
3028,0.13115306
3029,0.12592061
3030,0.117393926
3031,0.11781491
3032,0.1629947
3033,0.9189656
3034,0.87189597
3035,0.6634668
3036,0.9194665
3037,0.7387563
3038,0.6208116
3039,0.6656713
3040,0.6752644
3041,0.5588665
3042,0.55760205
3043,0.52847254
3044,0.44356158
3045,0.32834655
3046,0.23902473
3047,0.22431897
3048,0.2688956
3049,0.27212614
3050,0.25569066
3051,0.1775538
3052,0.15593266
3053,0.1036758
3054,0.1781436
3055,0.13164128
3056,0.08901287
3057,0.12648803
3058,0.14044446
3059,0.088650055
3060,1.1740379
3061,0.6878942
3062,0.2750334
3063,1.0736418
3064,0.6180598
3065,0.31697077
3066,1.0514234
3067,0.6490106
3068,0.32393467
3069,0.6219623
3070,0.45672905
3071,0.25943312
3072,0.16192357
3073,0.13005507
3074,0.121804915
3075,0.31640974
3076,0.24161455
3077,0.14001553
3078,0.13212018
3079,0.12156352
3080,0.13168906
3081,0.085393496
3082,0.07581625
3083,0.06501865
3084,0.058978517
3085,0.054876544
3086,0.06780522
3087,0.8691966
3088,0.5182911
3089,0.35101178
3090,0.9845758
3091,0.5155782
3092,0.3614387
3093,0.60637736
3094,0.4930153
3095,0.36605662
3096,0.5256174
3097,0.43417203
3098,0.30213168
3099,0.17951925
3100,0.11411678
3101,0.112474844
3102,0.17014445
3103,0.14286356
3104,0.11796586
3105,0.14627278
3106,0.14228302
3107,0.20479003
3108,0.15321529
3109,0.14987776
3110,0.13103083
3111,0.107304096
3112,0.09697411
3113,0.16321781
3114,1.0774461
3115,1.0716956
3116,0.95740736
3117,1.0044744
3118,0.9973655
3119,0.9093011
3120,0.7433655
3121,0.6739532
3122,0.57703835
3123,0.585447
3124,0.54216415
3125,0.4691646
3126,0.37400186
3127,0.30409876
3128,0.29590902
3129,0.3195446
3130,0.29331642
3131,0.2963706
3132,0.094662316
3133,0.094821244
3134,0.09758208
3135,0.057821758
3136,0.04289769
3137,0.05042791
3138,0.043106
3139,0.040783633
3140,0.05458397
3141,0.3912638
3142,0.33996522
3143,0.23769256
3144,0.68475515
3145,0.48591703
3146,0.3489888
3147,0.3836088
3148,0.31346557
3149,0.19463743
3150,0.26266077
3151,0.23856582
3152,0.14134482
3153,0.113919966
3154,0.1064015
3155,0.083887905
3156,0.115367636
3157,0.09844085
3158,0.07884056
3159,0.11598032
3160,0.112349965
3161,0.1692795
3162,0.10098809
3163,0.07467255
3164,0.07062742
3165,0.06366444
3166,0.06251171
3167,0.087170854
3168,0.875476
3169,0.83896375
3170,0.7608007
3171,1.2912909
3172,1.0036607
3173,0.96755284
3174,0.59809333
3175,0.4490281
3176,0.35087767
3177,0.33542702
3178,0.30359367
3179,0.27675837
3180,0.23061955
3181,0.2740807
3182,0.1855628
3183,0.17137918
3184,0.15579261
3185,0.1590163
3186,0.10634826
3187,0.104450054
3188,0.113870546
3189,0.065195955
3190,0.059877325
3191,0.055578012
3192,0.05193472
3193,0.047935203
3194,0.06916893
3195,0.46414044
3196,0.45185396
3197,0.30671832
3198,0.46464294
3199,0.42090848
3200,0.30076364
3201,0.33395293
3202,0.27941537